Price,Open,High,Low,Close,Volume
Ticker,005930.KS,005930.KS,005930.KS,005930.KS,005930.KS
Date,,,,,
2021-01-04,73997.19775978915,77103.25297439759,73266.36123870482,75824.2890625,38655276
2021-01-05,74545.32166269368,76646.4765625,74545.32166269368,76646.4765625,35335669
2021-01-06,76098.35334930048,77194.60813944647,75002.0985591545,75093.453125,42089013
2021-01-07,75641.58293124246,76920.546893848,75550.22836248492,75732.9375,32644642
2021-01-08,76098.35062112894,82219.10631334459,75824.2869334178,81122.8515625,59013307
2021-01-11,82219.10285027472,88431.2128434066,81762.33005666209,83132.6484375,90306177
2021-01-12,82493.16289838577,83498.06300013798,80209.29903076711,82767.2265625,48682416
2021-01-13,82036.40926351729,83315.3733277592,81396.92723139632,81945.0546875,36068848
2021-01-14,81031.5089273272,82219.11841555184,81031.5089273272,81945.0546875,26393970
2021-01-15,82036.38181818182,83863.47272727273,80392.0,80392.0,33431809
2021-01-18,79113.0559007353,79752.53787683824,76829.19170036765,77651.3828125,43227951
2021-01-19,77194.58952945402,80391.9985632184,76372.39863505747,79478.453125,39895044
2021-01-20,81305.56981077982,81305.56981077982,79021.7054902523,79661.1875,25211127
2021-01-21,79935.2398286748,80940.139986521,79021.69423063281,80483.3671875,25318011
2021-01-22,81305.55812572005,81945.0400435628,79295.7578125,79295.7578125,30861661
2021-01-25,79478.45952181208,82127.74150587249,78838.9776635906,81670.96875,27258534
2021-01-26,81122.84407439447,81488.26229094579,79021.68932922433,79204.3984375,33178936
2021-01-27,79113.04556074766,80117.9456775701,78199.5,78199.5,26423070
2021-01-28,76006.98506571088,78199.49425029868,76006.98506571088,76463.7578125,31859808
2021-01-29,77194.59017721037,77651.36290015244,74910.7265625,74910.7265625,39615978
2021-02-01,74636.67971573795,76189.70732304217,73997.19775978915,75824.2890625,28046832
2021-02-02,76829.17853043543,78930.33323459716,76463.760321016,77103.2421875,26302077
2021-02-03,77468.67789598109,78016.80533392435,76189.71387411347,77285.96875,22112205
2021-02-04,76281.06126893939,76555.12496212122,75002.09736742424,75367.515625,24171688
2021-02-05,75915.64423652695,76737.83532934131,75367.51684131737,76281.0625,18036835
2021-02-08,76555.12558358433,76920.5438441265,75824.2890625,75824.2890625,15338765
2021-02-09,76737.82005743652,77468.65643893591,75550.2109375,75550.2109375,20898332
2021-02-10,75458.86590456495,75458.86590456495,74545.3203125,74545.3203125,23025766
2021-02-15,76555.1208246734,77194.60274086994,76098.34802739014,76920.5390625,23529706
2021-02-16,77194.60518808893,78564.92362338045,76920.54150103063,77560.0234375,20483100
2021-02-17,76646.47409292367,76920.53776667669,75824.28307166466,76006.9921875,18307735
2021-02-18,76006.99390986601,76372.41214981729,75002.09375,75002.09375,21327683
2021-02-19,75184.81907347155,75641.5919718523,73997.2095376816,75458.8828125,25880879
2021-02-22,76555.12617852798,76920.54444190998,75093.453125,75093.453125,25419886
2021-02-23,74179.89020579268,75732.91746379573,74088.53566120427,74910.7265625,20587314
2021-02-24,74728.01747332317,76372.39927591463,74271.2447503811,74910.7265625,26807651
2021-02-25,76737.82825322392,78016.79205744431,75824.28267878077,77925.4375,34155986
2021-02-26,75641.57931818182,76189.70670454546,74910.74280303031,75367.515625,38520800
2021-03-02,77742.7165912829,77925.42567845395,75824.27117598684,76372.3984375,33498180
2021-03-03,76281.07087053572,76737.84375,75641.58883928572,76737.84375,19882132
2021-03-04,75458.86536711165,76006.99271844659,75093.44713288835,75276.15625,24348331
2021-03-05,74088.5481501218,75458.86654993909,74088.5481501218,75002.09375,20508971
2021-03-08,75732.91746379573,75824.27200838414,74545.30838414634,74910.7265625,17641256
2021-03-09,74362.6171875,74819.39002034705,73631.78065494473,74362.6171875,25420764
2021-03-10,75276.15427997528,75367.5088361403,73723.12682516997,73905.8359375,20038422
2021-03-11,73997.18111661586,75367.49928544207,73997.18111661586,74910.7265625,23818297
2021-03-12,75915.65749547101,76281.0758227657,75276.17542270532,75641.59375,13530573
2021-03-15,75641.56895629584,75732.92350817543,74728.0234375,74728.0234375,13735798
2021-03-16,75093.46625905797,75824.30291364735,75002.1116772343,75641.59375,12293537
2021-03-17,75641.57749848116,75732.9320606774,74910.7410009113,75184.8046875,11625146
2021-03-18,75641.58293124246,76555.12861881785,75458.87379372738,75732.9375,18585244
2021-03-19,75002.09192803725,75367.51015911173,74728.02825473138,74819.3828125,15869700
2021-03-22,74910.7265625,75184.79019626524,74636.66292873476,74910.7265625,12670506
2021-03-23,75458.85985253668,75732.92350817543,74728.0234375,74728.0234375,13299907
2021-03-24,73997.203125,74545.33055555556,73723.13940972222,73997.203125,17926638
2021-03-25,73997.20491456281,75002.10522821736,73814.49576662562,74179.9140625,14758826
2021-03-26,74362.60638420246,74545.31549079755,73997.18817101227,74453.9609375,12845778
2021-03-29,74636.67487170649,74636.67487170649,73997.19295726102,74545.3203125,14952134
2021-03-30,74876.57755474452,75518.90113670925,74601.29601961678,75427.140625,13121698
2021-03-31,75610.65978194102,75885.94131027334,74693.0546875,74693.0546875,17240518
2021-04-01,75702.42668124246,76161.22926718938,75243.62409529554,76069.46875,18676461
2021-04-02,77078.82996757075,78179.95610996462,76987.0694557046,77812.9140625,22997538
2021-04-05,78730.52645638173,78914.0474970726,77812.92125292741,78363.484375,16255990
2021-04-06,79097.56008357558,79097.56008357558,78088.19446765988,78914.0390625,19042023
2021-04-07,79005.80257009345,79097.56308411215,78363.47897196261,78547.0,17885538
2021-04-08,78638.75349579398,78638.75349579398,77170.58540252362,77721.1484375,19244259
2021-04-09,77721.1388774671,77904.65986655203,76528.25244841506,76711.7734375,18193707
2021-04-12,77170.5867544321,77170.5867544321,76252.98168006311,76344.7421875,12915282
2021-04-13,76161.23846726191,77537.64639136905,75977.7174107143,77078.84375,15238206
2021-04-14,77078.84375,77354.12533482144,76528.28058035714,77078.84375,13794652
2021-04-15,76803.54391163793,77537.62796336207,76528.26239224138,77170.5859375,16377412
2021-04-16,77721.14652860547,77721.14652860547,76711.78098927294,76987.0625,15429522
2021-04-19,76895.31823979592,77078.83928571429,76436.515625,76436.515625,15287311
2021-04-20,76436.49947854588,77078.82300357569,76252.97847139451,76987.0625,15521965
2021-04-21,76436.51900158898,76620.04005561442,75702.43478548729,75794.1953125,21636079
2021-04-22,76069.45877578884,76161.2192809466,75610.65625,75610.65625,13934746
2021-04-23,75151.87398097826,76069.4792798913,74876.59239130434,75977.71875,17805080
2021-04-26,76069.46039483533,76620.0234375,75794.178873503,76620.0234375,15489938
2021-04-27,76344.75030156816,76436.51081875754,75702.42668124246,76069.46875,12941533
2021-04-28,76344.74056029232,76344.74056029232,75335.375,75335.375,15596759
2021-04-29,75610.65950122398,75702.42001032742,74784.81491929315,74968.3359375,20000973
2021-04-30,75151.84667369632,75335.36766679448,74784.8046875,74784.8046875,18673197
2021-05-03,74326.012373776,75610.65950122398,74326.012373776,74968.3359375,15710336
2021-05-04,75151.87162341102,75794.1953125,75060.11109639831,75794.1953125,12532550
2021-05-06,74968.35089801034,75518.9140625,74968.35089801034,75518.9140625,17047511
2021-05-07,75060.11446886447,75335.39606227106,74784.83287545787,75151.875,14154882
2021-05-10,75518.8976205679,76620.0237098107,75060.09508338342,76344.7421875,19385027
2021-05-11,75702.44164678264,75794.20218211207,74417.79415217057,74509.5546875,28996680
2021-05-12,74142.498203125,74509.5402734375,73224.89302734374,73408.4140625,35812268
2021-05-13,72399.04203821656,73041.36560509553,71940.23949044586,72032.0,31490096
2021-05-14,72490.79851357678,73683.68507139513,72399.0380091292,73500.1640625,16450920
2021-05-17,74142.48539572864,74234.24589745603,72674.31736809046,73041.359375,17740855
2021-05-18,73041.359375,73408.40138190954,72582.55686636307,73041.359375,17494407
2021-05-20,72857.84105738995,73133.12257272012,72582.55954205975,72949.6015625,16541828
2021-05-21,73500.1640625,74784.81112476591,73224.8825491573,73500.1640625,20961714
2021-05-24,73500.1827360414,73775.46431932246,72949.6195694793,73133.140625,13398666
2021-05-25,73408.4167709637,73775.45885481853,73224.89572903629,73316.65625,13628942
2021-05-26,73775.43796992481,73867.19846491229,73133.11450501253,73224.875,11984359
2021-05-27,73408.40138190954,73408.40138190954,72582.55686636307,73041.359375,23198510
2021-05-28,73224.8825491573,73775.44557584269,72857.84053136704,73500.1640625,12360199
2021-05-31,73683.68991653727,73958.97144798137,73041.36634316771,73867.2109375,13321324
2021-06-01,73867.23165128722,74601.31594098946,73500.1895064361,73958.9921875,14058401
2021-06-02,73775.45792079208,74693.06311881189,73683.6974009901,74142.5,16414644
2021-06-03,74601.31080163043,76161.23980978261,74417.78974184782,75977.71875,29546007
2021-06-04,75885.94318354623,75885.94318354623,74784.81704303528,75427.140625,18112259
2021-06-07,75885.95924908425,75977.71978021978,74876.5934065934,75151.875,16496197
2021-06-08,75518.91712454212,75794.19871794872,75060.11446886447,75151.875,12781226
2021-06-09,74784.8154766492,75243.61802558569,74417.7734375,74417.7734375,14908823
2021-06-10,74601.29716435185,74693.05767746913,74234.25511188271,74326.015625,17586995
2021-06-11,74509.53665123456,74968.33921682098,74050.73408564815,74326.015625,14087962
2021-06-14,74142.4924689441,74234.25297942547,73867.2109375,73867.2109375,10550078
2021-06-15,74234.2578125,74509.5393618665,73958.9762631335,74234.2578125,10075685
2021-06-16,74784.82001642726,75151.86207785759,74417.77795499694,75060.1015625,14999855
2021-06-17,74417.778845411,74601.299878322,74050.736779589,74234.2578125,14007385
2021-06-18,74417.7740003882,74417.7740003882,73867.2109375,73867.2109375,14916721
2021-06-21,73133.13520807259,73408.4167709637,73041.37468710888,73316.65625,16063340
2021-06-22,73591.93509765626,73683.69561523438,73316.65354492188,73408.4140625,11773365
2021-06-23,73867.20608029026,73958.96658473782,73316.64305360487,73500.1640625,13856548
2021-06-24,73775.47040486454,74693.07575815887,73500.18879887623,74509.5546875,18771080
2021-06-25,74784.81761259191,75151.85966222426,74509.53607536765,74876.578125,13481405
2021-06-28,74968.35393772894,75243.63553113553,74876.5934065934,75151.875,11578529
2021-06-29,75484.57899305555,75668.91251929011,74470.74459876542,74655.078125,15744317
2021-06-30,74747.24517890335,75023.74546933085,74378.578125,74378.578125,13288643
2021-07-01,74194.245181804,74286.411946005,73733.411360799,73825.578125,13382882
2021-07-02,73733.4140625,74102.0811328125,73641.24729492188,73733.4140625,8753097
2021-07-05,73825.5778334888,74470.74518034825,73733.41106965175,74102.078125,8330969
2021-07-06,74286.4289755234,74839.4296875,74194.26219019397,74839.4296875,12131651
2021-07-07,74839.42493038366,74931.59170985458,74009.92391514542,74470.7578125,15992202
2021-07-08,74747.25125156446,74839.41802252816,73641.25,73641.25,16660998
2021-07-09,73364.7554313602,73549.0889877204,72811.7547622796,73180.421875,22720577
2021-07-12,73641.2554305207,73733.42220828104,73272.5883194793,73456.921875,9768108
2021-07-13,73733.40382205514,73917.73733161027,73549.0703125,73549.0703125,9863450
2021-07-14,73180.41136006289,73364.74488993711,72903.91106525157,73272.578125,11575636
2021-07-15,73549.09539779778,74286.4296875,73272.59503915944,74286.4296875,13766279
2021-07-16,73825.57057683272,73825.57057683272,73272.5700481673,73549.0703125,10859399
2021-07-19,72903.9167721519,72996.0835443038,72627.4164556962,72811.75,13155414
2021-07-20,72350.91613924051,72811.75,72258.7493670886,72811.75,12456646
2021-07-21,72811.74791003185,72903.91467953821,72350.9140625,72350.9140625,12355296
2021-07-22,72811.75443067754,73549.08865276034,72719.5876529172,73456.921875,12618790
2021-07-23,73456.91708701134,73641.25063051702,72996.08322824717,73088.25,9098910
2021-07-26,73180.42254917513,73272.58932820431,72627.421875,72627.421875,10040975
2021-07-27,72996.08144904459,73180.41498805732,72350.9140625,72350.9140625,11427693
2021-07-28,72166.59268465909,72996.09375,71982.25911458333,72996.09375,12743417
2021-07-29,72627.4164556962,73180.4170886076,72627.4164556962,72811.75,14360453
2021-07-30,72719.58114052548,72719.58114052548,72350.9140625,72350.9140625,13823411
2021-08-02,72996.08322824717,73272.58354350568,72535.24936948298,73088.25,11739124
2021-08-03,73180.41461916461,75023.75,73088.24785012285,75023.75,24339360
2021-08-04,75761.0826296743,76590.58353437878,75392.41556091676,76406.25,25642368
2021-08-05,76774.90731577345,76774.90731577345,75576.73949451889,75668.90625,18485469
2021-08-06,75484.56542369632,76037.5659029908,74931.56494440185,75115.8984375,13342623
2021-08-09,75115.8984375,75853.23240989265,74562.89795820552,75115.8984375,15522581
2021-08-10,75853.25218204489,75945.41895261845,73825.58322942643,73917.75,20362639
2021-08-11,73364.74852707007,73549.0820660828,72350.9140625,72350.9140625,30241137
2021-08-12,71060.58865665585,72074.42325487013,70876.25509334415,70968.421875,42365223
2021-08-13,69862.40496891801,70046.73849126344,68295.57002898185,68572.0703125,61270643
2021-08-17,68203.41644204852,69217.25101078166,68203.41644204852,68387.75,30944847
2021-08-18,68111.2421875,68756.40956951962,67373.90803662043,68111.2421875,29192631
2021-08-19,67742.56546041383,68572.0662619699,67373.8984375,67373.8984375,22166298
2021-08-20,67742.59214881362,68111.25931697043,66820.9242284216,67005.2578125,22364803
2021-08-23,67558.2421875,68203.40957537518,67281.74187841064,67558.2421875,19384648
2021-08-24,68111.24303488756,69770.24489500662,68111.24303488756,69678.078125,21016913
2021-08-25,70231.07601964993,70599.74308536988,69032.9080560601,69770.2421875,22319664
2021-08-26,70138.90771615281,70231.074480563,68756.40625,68756.40625,16671494
2021-08-27,68479.8984375,69125.06571753028,68019.0646660498,68479.8984375,15172748
2021-08-30,69493.7403652815,69585.90712969168,68387.73919235925,68756.40625,12686999
2021-08-31,69032.91216794329,70691.9140625,68479.91153642438,70691.9140625,24630370
2021-09-01,70691.92696126302,71060.59411621094,69954.59265136719,70784.09375,16114775
2021-09-02,70784.08421052631,70784.08421052631,69770.24967105263,70046.75,15347486
2021-09-03,70415.41644908616,70691.91677545692,70046.74934725849,70599.75,12096419
2021-09-06,70784.08796895214,71521.42221862872,70599.75440653299,71244.921875,12861180
2021-09-07,71060.58970515769,71060.58970515769,69954.58830896846,70138.921875,13239401
2021-09-08,70046.73410878112,70415.40113040629,69678.06708715596,70323.234375,11798147
2021-09-09,70415.40467297476,70599.73819306109,69125.07003237052,69401.5703125,17600770
2021-09-10,69401.5703125,69678.07059262948,68940.7365122842,69401.5703125,10103212
2021-09-13,69309.4000655308,70323.234375,69217.2333101245,70323.234375,11397775
2021-09-14,71060.58387728459,71613.58453002611,70599.75,70599.75,18167057
2021-09-15,71337.08900162338,71337.08900162338,70415.42118506493,70968.421875,12829128
2021-09-16,71244.92327118923,71337.090054205,70138.921875,70138.921875,13067622
2021-09-17,70323.24130707578,71152.7421875,69954.57424910946,71152.7421875,16289502
2021-09-23,71429.24489260335,71521.41166020671,70784.07751937985,71337.078125,17055590
2021-09-24,71521.42221862872,71613.58899983829,71060.58831258085,71244.921875,12247274
2021-09-27,71244.8877393018,71613.5546875,70968.38752815315,71613.5546875,11699798
2021-09-28,71613.56895068807,71705.73570609436,70231.06761959371,70323.234375,15406382
2021-09-29,69268.45293522267,69731.47735323886,68342.40409919029,68620.21875,23992458
2021-09-30,68805.42851720647,69268.45293522267,68249.79921558705,68620.21875,19919361
2021-10-01,68435.03127134562,68527.6361851093,67508.98213370901,67786.796875,15803395
2021-10-05,67601.57353704986,67601.57353704986,66119.89521295014,66860.734375,24013921
2021-10-06,67231.1685878331,67416.37841865358,65934.69977208976,66027.3046875,18956962
2021-10-07,66305.109375,66768.13388180865,66027.2946709148,66305.109375,13683532
2021-10-08,66953.35496066434,67045.95987762239,66212.515625,66212.515625,14043287
2021-10-12,65471.67015964674,65656.87997622283,63619.57199388587,63897.38671875,31001484
2021-10-13,63619.5669740189,64453.01108284884,63249.14737009448,63712.171875,24172015
2021-10-14,63897.38506394092,64638.22431105908,63712.17525216138,64267.8046875,19520641
2021-10-15,65008.632232970755,65749.4713467368,64823.42245452924,64916.02734375,18051612
2021-10-18,65008.66015625,65101.265085247505,64082.610866274925,65008.66015625,13486391
2021-10-19,65564.27622609773,65749.48604594546,65193.85658640226,65379.06640625,9507991
2021-10-20,65471.67355863265,65749.48829791964,65008.64899315434,65101.25390625,10151638
2021-10-21,65101.265085247505,65379.07987224003,64823.45029825498,65008.66015625,10891094
2021-10-22,64823.455255681816,65471.68980823863,64823.455255681816,65193.875,8395448
2021-10-25,64730.84536925748,65379.07987224003,64360.42565326745,65008.66015625,10029621
2021-10-26,65379.06142317159,66212.50554896273,65193.851617440225,65842.0859375,10528252
2021-10-27,65749.4713467368,65749.4713467368,64823.42245452924,64916.02734375,10295316
2021-10-28,64360.41294642857,66860.74553571429,64360.41294642857,65471.671875,20644902
2021-10-29,65934.70325931231,66305.12294054442,64545.629454691974,64638.234375,17016151
2021-11-01,65008.64283798283,65379.06245529327,64730.828125,64730.828125,11503729
2021-11-02,65564.2812062937,66860.7500437063,65471.676289335664,66212.515625,16812570
2021-11-03,66397.73916903409,66397.73916903409,64916.06019176136,65193.875,12770428
2021-11-04,65934.6958657932,66305.11550548866,65286.461496326134,65379.06640625,11818987
2021-11-05,66305.1291622151,66305.1291622151,65008.66015625,65008.66015625,12667743
2021-11-08,65193.85658640226,65379.06640625,64638.22712685906,65379.06640625,11121981
2021-11-09,65101.24722406915,65749.48154920213,64916.0374168883,65286.45703125,11159589
2021-11-10,65101.265085247505,65656.89465923255,65008.66015625,65008.66015625,9422009
2021-11-11,64730.828125,64823.43302932761,64453.013412017164,64730.828125,11489122
2021-11-12,65008.64676655453,65656.88113602159,64730.83203678293,65379.06640625,10087450
2021-11-15,66397.72098214286,66582.93080357143,65656.88169642857,66119.90625,12420710
2021-11-16,66212.51451832047,66675.53909537167,66027.3046875,66027.3046875,10919239
2021-11-17,66027.30133928571,66305.11607142857,65379.06696428572,65471.671875,11027606
2021-11-18,65471.684801237534,65749.49958823006,65008.66015625,65008.66015625,10144957
2021-11-19,65193.856039325845,66119.90513079354,64916.041311885536,65934.6953125,11954728
2021-11-22,67879.40719918224,69638.90070093458,67601.59243574766,69361.0859375,27506623
2021-11-23,70379.71074037184,70379.71074037184,68990.63750207503,69731.4765625,22029195
2021-11-24,70379.72760695187,70564.93741644385,68620.23441677807,69268.46875,15652305
2021-11-25,69546.28908370082,69546.28908370082,68157.21540027137,68249.8203125,12559258
2021-11-26,68064.62639393154,68620.2559971473,66675.55238589211,66953.3671875,13002242
2021-11-29,66397.73758428423,67601.60172458507,66119.92278267635,66953.3671875,16682559
2021-11-30,67786.79808029454,68435.0324881662,65286.46536421809,66027.3046875,30364841
2021-12-01,66675.52923387097,69268.46648185483,66305.10962701612,68898.046875,21954856
2021-12-02,68435.01487260884,70194.5078125,68342.40998103561,70194.5078125,23652940
2021-12-03,70009.3203125,70379.73999669313,68620.24649677578,70009.3203125,18330240
2021-12-06,69546.28794642857,71027.96651785714,69361.078125,70657.546875,16391250
2021-12-07,70472.33156694121,71954.01002301357,70009.30704941861,71676.1953125,19232453
2021-12-08,72509.6394440407,72787.45415455426,71398.38060198643,71676.1953125,21558340
2021-12-09,71676.1920556266,72417.03125,71305.7724584399,72417.03125,21604528
2021-12-10,71676.20426284135,71861.4140929779,71120.57477243173,71213.1796875,9155219
2021-12-13,71491.00565592448,72509.6598815918,70842.77114868164,71120.5859375,15038750
2021-12-14,70842.75669642857,71490.99107142857,70564.94196428571,71305.78125,10976660
2021-12-15,70750.15508215207,71861.4140625,70657.55016712307,71861.4140625,9584939
2021-12-16,72694.85941516708,72694.85941516708,71676.20533419022,72046.625,11996128
2021-12-17,71120.58461538462,72231.84375,71120.58461538462,72231.84375,13108479
2021-12-20,71861.4152075227,72046.62504053177,71120.57587548638,71398.390625,11264375
2021-12-21,72139.21208786812,72509.63166213188,71768.79251360435,72324.421875,14245298
2021-12-22,73065.28009878779,73528.3046875,72972.67518104534,73528.3046875,17105892
2021-12-23,73898.73101142053,74083.94086357948,73435.70638102316,73991.3359375,13577498
2021-12-24,74269.13060947205,74824.76001552795,74269.13060947205,74546.9453125,12086380
2021-12-27,74639.55242752493,74639.55242752493,73898.71319747507,74269.1328125,10783368
2021-12-28,74269.14508094646,74454.35491905356,73806.12048567871,74361.75,18226325
2021-12-29,74604.5503846764,74604.5503846764,73023.15717203364,73302.2265625,19794795
2021-12-30,73395.22452705938,73953.36311661877,72651.03974098021,72837.0859375,14236700
2022-01-04,73302.21843233799,73674.31091168996,72837.10283314803,73209.1953125,12427416
2022-01-05,73302.20627422481,73488.25248304263,71069.65176841085,71999.8828125,25470640
2022-01-06,71348.71942051365,72185.92734070221,71255.69631827048,71534.765625,12931954
2022-01-07,72651.03974098021,72930.1090357599,71999.87805316092,72837.0859375,15163757
2022-01-10,72651.04654447116,72651.04654447116,71720.81547475961,72558.0234375,9947422
2022-01-11,72930.11105830164,73488.24966333967,72558.01865494296,73395.2265625,13221123
2022-01-12,73953.36516753802,74046.38826837769,73116.15725998099,73395.2265625,11000502
2022-01-13,73767.32349165596,73767.32349165596,72465.0,72465.0,13889401
2022-01-14,72278.95964383894,72651.05210017788,71720.82095933054,71906.8671875,10096725
2022-01-17,72185.93717741936,72371.98340725807,71534.77537298387,72092.9140625,8785122
2022-01-18,72185.93555194805,72371.98177759741,71255.7044237013,71627.796875,9592788
2022-01-19,71162.679032192,71534.77147157601,70790.58659280799,70976.6328125,10598290
2022-01-20,70883.61035539216,71348.72590890522,70604.54102328431,71162.6796875,9708168
2022-01-21,70511.51496362433,70511.51496362433,69488.26078869047,70325.46875,15774888
2022-01-24,70139.42087633155,70511.51329477363,69488.25914405791,69860.3515625,13691134
2022-01-25,69581.28644425675,69767.33266469595,68092.91668074325,68837.1015625,17766704
2022-01-26,68837.1015625,68837.1015625,68837.1015625,68837.1015625,0
2022-01-27,68651.05428208275,68837.10049964937,66325.4765625,66325.4765625,22274777
2022-01-28,66325.47535811733,68558.02992837653,66232.45225102319,68185.9375,21367447
2022-02-03,69674.30721350614,69674.30721350614,68185.9375,68185.9375,17744721
2022-02-04,69116.17089315878,69395.24022381757,68278.96290118243,68837.1015625,12730034
2022-02-07,68371.9827161815,68465.0058219178,67348.7285530822,67906.8671875,14240838
2022-02-08,67906.8671875,67906.8671875,67906.8671875,67906.8671875,0
2022-02-09,67906.8671875,67906.8671875,67906.8671875,67906.8671875,0
2022-02-10,70325.46025364722,70511.50644479443,69488.25239348476,70139.4140625,17746033
2022-02-11,69767.3356141522,70232.45118491321,69395.24315754339,69674.3125,12205407
2022-02-14,69209.20089891453,69302.22401840231,67999.90034557327,68558.0390625,13993255
2022-02-15,68930.13154045116,69023.15465993894,67999.90034557327,68558.0390625,9320365
2022-02-16,69395.22725183824,69674.29653033087,69023.1348805147,69581.2734375,10767386
2022-02-17,69767.3359375,70325.474625,69302.22036458334,69767.3359375,13605382
2022-02-18,69395.24120962314,69581.28743270524,68558.0332057537,69116.171875,10122226
2022-02-21,69116.171875,69116.171875,69116.171875,69116.171875,0
2022-02-22,69116.171875,69116.171875,69116.171875,69116.171875,0
2022-02-23,69116.171875,69116.171875,69116.171875,69116.171875,0
2022-02-24,67255.7004152098,67255.7004152098,66325.46942744755,66511.515625,15759283
2022-02-25,67069.64774208971,67534.76319106398,66883.6015625,66883.6015625,13168484
2022-02-28,66883.6015625,66883.6015625,66883.6015625,66883.6015625,0
2022-03-02,67255.70897620294,67348.73208682009,66511.52409126569,66697.5703125,12481430
2022-03-03,67255.70511831276,67999.88996056242,67162.68201303155,67813.84375,13232638
2022-03-04,67813.84375,67813.84375,67813.84375,67813.84375,0
2022-03-07,65116.16050731098,65674.29902594507,65023.137420871964,65209.18359375,18617138
2022-03-08,63999.90458633094,65116.18199190647,63906.88146919964,64651.06640625,15828269
2022-03-10,64651.06640625,64651.06640625,64651.06640625,64651.06640625,0
2022-03-11,65581.2755859375,65767.3217578125,64837.090898437506,65116.16015625,15787655
2022-03-14,65116.18422809829,65302.23046875,64744.091746794875,65302.23046875,9040993
2022-03-15,65302.23046875,65302.23046875,65302.23046875,65302.23046875,0
2022-03-16,65302.231101296165,65581.30046497691,64837.115495161575,65488.27734375,10175750
2022-03-17,65488.27734375,65488.27734375,65488.27734375,65488.27734375,0
2022-03-18,65674.31283150637,65953.38214948727,65302.22040753183,65767.3359375,14410038
2022-03-21,65953.38738376251,66046.41049713877,65023.15625,65023.15625,11169002
2022-03-22,65023.15365509423,65581.29231307788,65023.15365509423,65395.24609375,9402666
2022-03-23,65674.31999113475,66232.45868794326,65395.2506427305,65581.296875,12398025
2022-03-24,64744.090481733525,65395.25231129119,64744.090481733525,64930.13671875,37943357
2022-03-25,65209.20607427471,65302.22919278295,64744.090481733525,64930.13671875,12986010
2022-03-28,64651.06704514885,65023.159517351145,64371.99769099713,64837.11328125,12619289
2022-03-29,65116.18422809829,65395.25358907586,64930.137987446586,65302.23046875,13686208
2022-03-30,65733.2775225769,65920.28542449034,65265.75776779328,65359.26171875,12670187
2022-03-31,65359.250084186424,65639.76188712285,65078.73828125,65078.73828125,12510366
2022-04-01,64985.23055919862,64985.23055919862,64517.710914887844,64611.21484375,15916846
2022-04-04,64424.21082476551,64798.2265625,64143.69902146465,64798.2265625,11107905
2022-04-05,64891.742277817924,65078.75018063584,64611.23042359104,64704.734375,8467248
2022-04-06,64143.70315921533,64330.71104014599,64050.19921875,64050.19921875,15517308
2022-04-07,64050.21119600184,64050.21119600184,63582.69140625,63582.69140625,20683327
2022-04-08,63676.191544524336,63863.199449207226,63302.175735158555,63395.6796875,15453191
2022-04-11,63395.66403948822,63676.17582727357,63021.64832244109,63489.16796875,12263735
2022-04-12,63208.66427238806,63302.1682136194,62647.640625,62647.640625,13924389
2022-04-13,62928.16334606987,64517.73062227074,62834.65938864629,64237.21875,17378619
2022-04-14,64237.215399305554,64237.215399305554,63115.16796875,63115.16796875,16409494
2022-04-15,62834.64864864865,62928.15259009009,62180.12105855856,62273.625,13176415
2022-04-18,62180.11323439843,62741.13681245315,61806.097515695285,62367.12109375,10119203
2022-04-19,62741.14446159918,63582.67993127786,62647.64052052377,62928.15234375,12959434
2022-04-20,62647.64048590504,63021.65625,62180.12078078635,63021.65625,16693293
2022-04-21,63208.66402788035,63863.19161396787,63115.16008701071,63302.16796875,12847448
2022-04-22,62834.64850746268,62928.152448694025,62367.12880130597,62647.640625,11791478
2022-04-25,62180.12508248491,62367.13297746983,61993.1171875,61993.1171875,11016474
2022-04-26,62086.62514183056,62367.137002411124,61806.11328125,61806.11328125,12946923
2022-04-27,61151.58219951923,61245.08614783654,60684.06245793269,60777.56640625,18122084
2022-04-28,61151.57834201388,61245.082284432865,60310.042860243055,60590.5546875,16895527
2022-04-29,60871.065606454,63208.664132047474,60777.561665430265,63021.65625,26190390
2022-05-02,62273.62475622214,63208.664166976225,62180.12081514673,62928.15234375,14106184
2022-05-03,63021.66401620371,63956.70354166667,62928.16006365741,63115.16796875,14168875
2022-05-04,63582.67189801179,63956.687615058916,63115.15225170287,63489.16796875,11505248
2022-05-06,62647.65654370301,62741.16050869361,62180.13671875,62180.13671875,14356156
2022-05-10,61619.10556387938,61993.12137913813,61058.08184099125,61432.09765625,17235605
2022-05-11,61245.08974862062,61993.12137913813,60964.577887176565,61432.09765625,12330920
2022-05-12,60964.57042083976,61245.08224792951,60684.05859375,60684.05859375,16414188
2022-05-13,61058.089138862786,62367.144648731206,60964.58517387218,62180.13671875,14551536
2022-05-16,62741.14876743966,63021.66060991704,61806.10929251508,61993.1171875,11937555
2022-05-17,62273.632350221895,63489.18373243343,62273.632350221895,63208.671875,15680447
2022-05-18,63863.207145971,64237.223000412996,63208.6794006975,63676.19921875,16486319
2022-05-19,62180.12844328704,63208.6719212963,62180.12844328704,63115.16796875,17073727
2022-05-20,63395.68349034926,63956.707238051466,63302.17953239889,63582.69140625,12109671
2022-05-23,64330.703332106044,64330.703332106044,63208.65618096466,63489.16796875,13684088
2022-05-24,63115.176368656015,63302.18429863722,62180.13671875,62180.13671875,15482576
2022-05-25,62367.132936041045,62741.148725762425,61619.10135659827,62086.62109375,15150490
2022-05-26,61993.11735347116,62834.6528831563,61245.08577152883,61619.1015625,15970890
2022-05-27,62367.144648731206,62554.152578712405,61899.6248237782,62180.13671875,11405555
2022-05-30,63115.16008701071,63395.67190961965,62554.136441792834,63302.16796875,14255484
2022-05-31,63115.16019102374,63115.16019102374,62367.12866283383,63021.65625,24365002
2022-06-02,62273.61716407422,62647.63288277736,62086.609304722646,62367.12109375,14959443
2022-06-03,62834.65250748503,62928.15645466879,62460.63671875,62460.63671875,8222883
2022-06-07,61899.6096254771,62086.61750954198,61151.57808921755,61245.08203125,19355755
2022-06-08,61151.57816089204,61432.08998731815,61058.07421875,61058.07421875,12483180
2022-06-09,60871.07027056174,60964.57421875,60310.046581432136,60964.57421875,25790725
2022-06-10,59842.52742946708,60216.54322590125,59655.51953125,59655.51953125,22193552
2022-06-13,58346.46497584541,58720.480776972625,58065.953125,58065.953125,22157816
2022-06-14,57224.4176595315,58159.45716377221,57130.91370910743,57878.9453125,24606419
2022-06-15,57317.92214528418,57504.930047878916,56289.37868101318,56756.8984375,26811224
2022-06-16,57317.92598650452,57785.44577432266,56569.89432599548,56943.91015625,23394895
2022-06-17,55541.33583298495,56008.855494878764,55541.33583298495,55915.3515625,29053450
2022-06-20,55915.36379365417,56008.86774648637,54325.796595506814,54886.8203125,34111306
2022-06-21,54886.8164863782,55354.336217948716,54419.29675480769,54699.80859375,25148109
2022-06-22,55167.33269585503,55260.83664957682,53858.27734375,53858.27734375,23334687
2022-06-23,53951.77746624564,54232.289307491286,53110.241942508714,53671.265625,28338608
2022-06-24,54138.792701198625,55260.840218321915,53951.78478167808,54606.3125,23256103
2022-06-27,55167.324285182825,56008.85974038053,54512.796708917944,54980.31640625,18122236
2022-06-28,55354.33585858586,55634.847695707074,54886.81613005051,55541.34375,13540538
2022-06-29,55034.2689924569,55316.496012931035,54563.890625,54563.890625,14677138
2022-06-30,53811.295915570176,54187.59868421053,53623.14453125,53623.14453125,18915142
2022-07-01,53529.0689084742,54093.523062166365,52588.31198565391,52870.5390625,24982097
2022-07-04,52776.46185420315,53999.445818739056,52400.15909588441,53717.21875,17807126
2022-07-05,54187.59571678322,54752.049838833045,53811.29296875,53811.29296875,14216539
2022-07-06,53905.37265209442,53905.37265209442,53058.69140625,53058.69140625,16820461
2022-07-07,53058.692171391755,55222.43316419674,52964.616476052404,54752.0546875,21322833
2022-07-08,55128.350098488074,55786.87987782155,54752.04736744037,55222.42578125,15339271
2022-07-11,55786.886280293365,56069.113360969386,55222.432118941324,55316.5078125,13042624
2022-07-12,55128.35501828744,55222.430709444925,54657.9765625,54657.9765625,9336061
2022-07-13,54846.117645474136,55128.34466594827,54563.890625,54563.890625,10841315
2022-07-14,54093.5234375,54752.05328804348,53999.447744565216,54093.5234375,15067012
2022-07-15,54940.20302083333,56445.4140625,54657.975950520835,56445.4140625,18685583
2022-07-18,57009.867603998384,58326.92725161551,56915.79191488287,58232.8515625,20832517
2022-07-19,57762.47218801313,57856.54787561576,56633.56393678161,57292.09375,15248261
2022-07-20,58138.776949896695,58421.00402246901,56915.79296875,56915.79296875,16782238
2022-07-21,57480.24364128236,58232.84912267395,57103.94090058657,58138.7734375,12291374
2022-07-22,58138.77689131321,58515.079654363784,57574.32274673736,57668.3984375,10261310
2022-07-25,57292.0908219108,58232.84764985679,57198.0151391162,57480.2421875,9193681
2022-07-26,57198.01803079417,58232.8505938513,57198.01803079417,58044.69921875,6597211
2022-07-27,57668.39501163026,58232.84912267395,57574.31932645631,58138.7734375,7320997
2022-07-28,58609.154318962035,58891.38138630856,57950.624495153475,58232.8515625,10745302
2022-07-29,58703.2374796417,58891.388881820036,57668.40476766083,57762.48046875,15093120
2022-08-01,57386.17136521207,58044.70120055057,56727.641529873574,57668.3984375,13154816
2022-08-02,57574.32078099676,58232.8505938513,57386.16940589547,58044.69921875,13614895
2022-08-03,57950.625509787926,57950.625509787926,57386.17136521207,57668.3984375,10053861
2022-08-04,58044.69824695122,58138.77393292683,57574.31981707317,57856.546875,9125439
2022-08-05,58044.69824695122,58232.84961890244,57574.31981707317,57856.546875,9567620
2022-08-08,57762.47367136102,57762.47367136102,57009.86815121299,57198.01953125,11313150
2022-08-09,57009.868203125,57103.94389322917,56069.11130208333,56445.4140625,18251170
2022-08-10,55410.575203574444,55692.802241962774,55128.34816518612,55598.7265625,18084349
2022-08-11,56069.10887938231,56445.411623539236,55786.88182126461,56351.3359375,15141941
2022-08-12,55975.03656431686,57103.94486477367,55880.96087261213,56633.56640625,10786658
2022-08-16,56915.78954277664,57950.62207991803,56727.6381723873,57386.16796875,15036727
2022-08-17,57480.23674849959,57574.31242239239,56727.631357357204,56821.70703125,9061518
2022-08-18,56727.63864329268,58232.84961890244,56445.41158536585,57856.546875,16372754
2022-08-19,57762.47218801313,57950.62356321839,57009.866687192116,57292.09375,6923679
2022-08-22,56727.641132812496,56821.716822916664,56257.262682291665,56445.4140625,8259865
2022-08-23,55504.65088303722,56069.10495981387,55504.65088303722,55598.7265625,9041629
2022-08-24,55692.803707627114,55975.03075344279,55504.65234375,55504.65234375,8888486
2022-08-25,55692.80517169179,56163.18359375,55504.6538028685,56163.18359375,5767902
2022-08-26,56727.641132812496,57292.0952734375,56351.33837239583,56445.4140625,9499995
2022-08-29,55222.427247760235,55410.57861828071,55128.3515625,55128.3515625,9841329
2022-08-30,55222.432118941324,55504.659199617345,54846.129344706635,55316.5078125,9690044
2022-08-31,54752.04832757537,56351.33496257328,54752.04832757537,56163.18359375,14203512
2022-09-01,55222.434122163955,55410.58551610659,54846.13133427868,54940.20703125,14905777
2022-09-02,54846.12898097826,55128.35605978261,54093.5234375,54093.5234375,15040310
2022-09-05,53999.445818739056,54375.74857705779,53434.991681260944,53717.21875,11425977
2022-09-06,53811.29443957969,54187.59719789842,53529.06737084063,53717.21875,7503086
2022-09-07,53340.91259765625,53340.91259765625,52588.30712890625,52682.3828125,17384854
2022-09-08,52870.53615388939,53058.68752810252,52306.08203125,52306.08203125,18000016
2022-09-13,53623.14395976764,55034.27932712995,53434.99257745267,54657.9765625,17166581
2022-09-14,52870.5341796875,53811.291015625,52776.45849609375,53434.98828125,12524961
2022-09-15,53623.1396484375,53717.21533203125,52682.3828125,52682.3828125,11664819
2022-09-16,52306.084908807825,53058.69044706406,52212.009216525796,52870.5390625,13456503
2022-09-19,52964.61571226729,53623.14557014628,52682.388630319154,53058.69140625,12278653
2022-09-20,53058.6924563172,53623.14663138441,52494.23828125,52494.23828125,14041465
2022-09-21,52117.93898338608,52212.01468552215,51741.63617484177,52023.86328125,11863700
2022-09-22,51365.32716279871,51459.40285357307,51083.100090475644,51177.17578125,12786510
2022-09-23,51177.1743119266,51647.55275229357,50989.022935779816,51271.25,10555964
2022-09-26,50518.64938688544,50989.02787279685,50424.57368970315,50706.80078125,15008449
2022-09-27,50612.72068150369,50989.0234375,50330.49361450646,50989.0234375,16631289
2022-09-28,50706.79594458885,51177.17438563327,49389.73630966446,49766.0390625,19991129
2022-09-29,50486.874955442014,50865.763322837454,49823.8203125,49823.8203125,13882080
2022-09-30,49539.652969044255,50771.04013653484,49066.04252000941,50297.4296875,22503249
2022-10-04,52381.31192680028,52476.03400985055,51623.5352623981,52286.58984375,19148435
2022-10-05,53896.86594587054,54181.032198660716,52476.03468191964,53044.3671875,22458970
2022-10-06,53707.42350549512,54275.75602936279,53328.53515625,53328.53515625,14944446
2022-10-07,52949.646241103204,53896.867104092526,52286.59163701068,53233.8125,16886813
2022-10-11,51528.821976534295,52760.20926641471,51149.933579648015,52476.04296875,21437877
2022-10-12,52760.20759128584,53991.59484206989,52286.59711021505,52854.9296875,18408910
2022-10-13,52476.03400985055,53139.088591202446,52286.58984375,52286.58984375,13784602
2022-10-14,53233.813068938725,53517.979330872564,52854.92471969361,53328.53515625,12924326
2022-10-17,52854.92640238516,53991.59148630742,52760.204312058304,53612.703125,13641878
2022-10-18,53707.432487555314,54086.32090016593,52854.933559181416,53517.98828125,14820702
2022-10-19,53707.42855342742,53896.87274585573,52760.20759128584,52854.9296875,12660652
2022-10-20,52286.59155405405,53044.36824324324,52191.8694679054,52570.7578125,17107653
2022-10-21,52191.87556602192,53328.54073261404,52191.87556602192,52949.65234375,11456060
2022-10-24,53991.59266304348,54465.203125,53707.42638586956,54465.203125,16944503
2022-10-25,53991.593777079725,55507.14728661179,53991.593777079725,54654.6484375,17405678
2022-10-26,54938.816419402356,56454.369975799666,54654.650127577865,56264.92578125,20824967
2022-10-27,56549.08871454832,56927.97708114496,55791.311981355044,56359.64453125,21756712
2022-10-28,55791.31125927138,56075.477530541015,54181.03572207679,54275.7578125,20924937
2022-10-31,55033.53851667719,56738.53626762416,54938.816419402356,56264.92578125,18999514
2022-11-01,56738.53181640625,57117.42017578125,56359.64345703125,56833.25390625,17201647
2022-11-02,56549.09319290059,56833.25949035235,56170.20479629824,56454.37109375,13202919
2022-11-03,55507.14402977196,56643.80909522804,55033.53358583192,56075.4765625,17492162
2022-11-04,55980.75948942551,56359.64787852483,55317.70480850169,56264.92578125,12445841
2022-11-07,56549.088760122504,57117.421310475496,56264.922484946015,57022.69921875,12437246
2022-11-08,57306.862864077666,58632.972087378635,57306.862864077666,58538.25,18273898
2022-11-09,58727.6953125,58917.139490927424,58064.64068800404,58727.6953125,14045592
2022-11-10,58159.36149627483,58254.08358340232,57212.140625,57212.140625,21087633
2022-11-11,59769.63557606319,59864.35766096979,59011.85889681041,59580.19140625,20037163
2022-11-14,59580.19353922657,59580.19353922657,58443.528479654684,58632.97265625,15973416
2022-11-15,58917.14175180288,59201.308030348555,58348.80919471154,59106.5859375,12310986
2022-11-16,59106.59150717703,59390.7578125,58443.53679475678,59390.7578125,12909260
2022-11-17,58727.7037103013,58727.7037103013,58064.648990991445,58159.37109375,13298296
2022-11-18,58538.25,59106.58252427184,58159.361650485436,58538.25,12236503
2022-11-21,58159.37109375,58538.2595047842,57591.038477198694,58159.37109375,9378097
2022-11-22,57685.7561301052,57969.922416460395,57117.4235573948,57401.58984375,9411289
2022-11-23,57969.916828893445,58064.63891521516,57496.30639728483,57780.47265625,8765050
2022-11-24,57969.9268882329,58443.53740202565,57685.76057995725,58159.37109375,8125010
2022-11-25,58159.36100153688,58443.52726050205,57591.028483606555,57780.47265625,6677933
2022-11-28,57306.86492564476,57306.86492564476,56643.81029014143,56927.9765625,8589032
2022-11-29,56738.535175587866,57401.58984375,56643.81308013613,57401.58984375,7014160
2022-11-30,57212.14298633441,58917.140625,57022.69880426045,58917.140625,19768903
2022-12-01,59769.63778579273,59864.35987420128,59011.86107852436,59296.02734375,16631445
2022-12-02,59201.304454677156,59201.304454677156,57212.140625,57212.140625,15331184
2022-12-05,57685.75443097015,57875.19861629353,56833.25559701492,57117.421875,13767787
2022-12-06,56643.80909522804,56927.975361592056,56075.4765625,56075.4765625,13888300
2022-12-07,55696.59040747029,56454.367147707984,55412.424129881154,55791.3125,12100662
2022-12-08,55601.86611855996,56075.4765625,55507.14402977196,56075.4765625,12986815
2022-12-09,56170.19766659768,57401.58479925497,56170.19766659768,57212.140625,10529632
2022-12-12,56738.53289784664,56833.2549894958,56264.92243960084,56359.64453125,9036472
2022-12-13,56454.363850502516,57117.41845948493,56264.91967650754,56549.0859375,9040873
2022-12-14,56643.808664772725,57401.585369318185,56643.808664772725,57306.86328125,8207485
2022-12-15,56643.8096674747,57022.69802645447,56170.19921875,56170.19921875,8716039
2022-12-16,55222.97943146009,56359.64453125,55222.97943146009,56359.64453125,13033596
2022-12-19,56359.64453125,56738.53289784664,55980.756164653365,56359.64453125,7696187
2022-12-20,55886.028956911265,55980.75103988908,55412.418542022184,55507.140625,9284761
2022-12-21,55601.86318022629,55980.7515153556,54938.80859375,54938.80859375,10356971
2022-12-22,55033.53302797166,55980.75390625,55033.53302797166,55980.75390625,10720630
2022-12-23,55128.25724774096,55317.70143072289,54654.64679028615,55033.53515625,9829407
2022-12-26,54938.80802029361,55033.53010308722,54654.64177191278,54844.0859375,6756411
2022-12-27,54938.81306475904,55317.70143072289,54844.090973268074,55033.53515625,10667027
2022-12-28,54901.049469964666,54901.049469964666,53757.27760600707,53947.90625,14665410
2022-12-29,53376.024525316454,53566.65318433544,52708.82421875,52708.82421875,11295935
2023-01-02,52899.4453125,53471.331207770265,52613.502364864864,52899.4453125,10031448
2023-01-03,52804.13671875,53376.022675992775,51946.30778288583,52804.13671875,13547030
2023-01-04,53090.07886840398,55282.30833693772,52994.76454368512,55091.6796875,20188071
2023-01-05,55472.93359375,56044.81950708763,54901.04768041237,55472.93359375,15682826
2023-01-06,55568.24511387712,56616.70256885594,55186.98785752119,56235.4453125,17334989
2023-01-09,56902.653598640856,57855.796875,56807.339271004945,57855.796875,18640107
2023-01-10,57379.21512831126,58237.0439259106,57093.27219577815,57569.84375,14859797
2023-01-11,58141.73566632232,58332.36430785124,57474.53542097108,57665.1640625,12310751
2023-01-12,58237.04998708678,58332.36430785124,57093.27813791322,57665.1640625,16102561
2023-01-13,57665.1664011102,58332.36667351974,57569.85207648026,57951.109375,12510328
2023-01-16,58427.67550634206,58713.61845335515,57951.1039279869,58237.046875,10039972
2023-01-17,58332.359093237705,58618.302029969265,57760.47321977459,58141.73046875,9831456
2023-01-18,57855.786682533115,58141.72961506623,57093.27219577815,57569.84375,11584041
2023-01-19,57665.165364583336,58618.30859375,57569.85104166667,58618.30859375,12808490
2023-01-20,59190.18903595267,59380.81766408779,58237.04589527711,58904.24609375,9646327
2023-01-25,60524.593484646524,60715.22212554305,60048.02188240521,60333.96484375,39217
2023-01-26,60810.5390625,60905.85338704937,60333.967439753134,60810.5390625,54188
2023-01-27,61382.418246904024,61954.30413119195,60905.846676664085,61573.046875,44282
2023-01-30,61858.993970922194,61858.993970922194,60143.336202853476,60333.96484375,59628
2023-01-31,60524.59693734731,60715.22558911848,58141.73879020765,58522.99609375,163847
2023-02-01,59666.759464651645,59762.07377689549,58141.73046875,58141.73046875,98585
2023-02-02,60238.6468996063,60905.84710260827,59666.7610113189,60524.58984375,65992
2023-02-03,60905.84710260827,61001.16141732284,60048.01827017716,60524.58984375,47567
2023-02-06,59857.39293323863,60048.021573153404,58713.62109375,58713.62109375,144104
2023-02-07,58999.556785534274,59571.44263482863,58713.6138608871,59094.87109375,32873
2023-02-08,59857.3929774168,60333.96457755547,59476.135697305865,60143.3359375,42558
2023-02-09,60048.02188240521,60333.96484375,59380.82163926738,60333.96484375,48035
2023-02-10,59666.76018481717,60048.01743839428,59476.13155802862,59952.703125,44786
2023-02-13,59952.703125,60048.01743839428,59380.81724463434,59952.703125,59395
2023-02-14,60619.90570609178,60905.8486575356,60238.6484375,60238.6484375,70606
2023-02-15,60905.8552866258,60905.8552866258,59094.88306370579,59285.51171875,58370
2023-02-16,59571.44313554749,60715.21484375,59476.128826530614,60715.21484375,41448
2023-02-17,59952.70859125399,60333.96587959265,59476.13698083067,59666.765625,28613
2023-02-20,59952.71068206738,60048.02500747607,58904.25310257177,59762.08203125,29846
2023-02-21,59762.081257548314,59857.39558172303,59094.88098832528,59190.1953125,60971
2023-02-22,58618.30413768412,58904.247084697214,58141.732559328964,58237.046875,39178
2023-02-23,58808.92816910282,59571.44263482863,58618.29955267137,59094.87109375,37145
2023-02-24,59380.82688239193,59666.769868984506,58427.68359375,58427.68359375,50792
2023-02-27,57951.10702479339,57951.10702479339,57379.22110020661,57665.1640625,11155697
2023-02-28,57951.109117161715,58522.99506239686,57665.16614454414,57760.48046875,13715861
2023-03-02,58046.42369962994,58904.25262129934,57665.1664011102,57951.109375,13095682
2023-03-03,58141.73566632232,58332.36430785124,57665.1640625,57665.1640625,10711405
2023-03-06,58237.05130208334,58713.62291666667,57951.10833333334,58618.30859375,13630602
2023-03-07,58522.9971684514,58522.9971684514,57855.796875,57855.796875,11473280
2023-03-08,57283.91040889303,57665.16771610697,57093.281755286065,57474.5390625,14161857
2023-03-09,57665.159597285776,57951.102537437604,57093.27371698211,57283.90234375,14334499
2023-03-10,56712.0234375,56902.652087710085,56330.76613707983,56712.0234375,11902471
2023-03-13,57093.27552734375,57379.2184765625,56521.38962890625,57188.58984375,12779724
2023-03-14,56616.70256885594,56712.01688294492,56235.4453125,56235.4453125,12147346
2023-03-15,57188.58565008361,57474.52857833403,56807.32841241639,56997.95703125,10482149
2023-03-16,56426.073247078464,57379.21637625209,56330.7589341611,57093.2734375,10611939
2023-03-17,57951.11194942904,58427.68359375,57760.48329170066,58427.68359375,14090110
2023-03-20,58237.051566393275,58332.36588974253,57379.22265625,57379.22265625,9618009
2023-03-21,57665.16771610697,57855.79636971393,57283.91040889303,57474.5390625,8318514
2023-03-22,58141.732559328964,58332.36119067103,57665.16098097381,58237.046875,8978591
2023-03-23,57760.473101424555,59380.81640625,57760.473101424555,59380.81640625,15381057
2023-03-24,59762.07658110119,60333.96248139881,59380.81931423611,60048.01953125,18278602
2023-03-27,59666.7669333736,59857.39558172303,59094.88098832528,59190.1953125,11039331
2023-03-28,59476.13155802862,59952.703125,59190.188617845786,59952.703125,11614118
2023-03-29,59571.45338043261,59762.08203125,59285.510404206536,59762.08203125,11216008
2023-03-30,61066.81573872627,61066.81573872627,60491.618102254746,60587.484375,15684377
2023-03-31,61354.4140625,61354.4140625,61066.81524658203,61354.4140625,14094479
2023-04-03,61354.417591125195,61354.417591125195,60395.75481626387,60491.62109375,11973133
2023-04-04,60779.22056800314,61162.68568199685,60204.022897012575,60970.953125,11120514
2023-04-05,61066.82212196792,61354.420970266045,60779.2232736698,61258.5546875,9176149
2023-04-06,60875.078783356745,60970.94504915731,59724.68359375,59724.68359375,14992747
2023-04-07,61162.682836538464,62504.81067307692,61162.682836538464,62313.078125,27476120
2023-04-10,62121.348030821915,63559.34219820205,62025.48175299657,62984.14453125,18777166
2023-04-11,63463.47774800834,63463.47774800834,62696.54750331942,63175.87890625,16323183
2023-04-12,63080.01352982954,63463.47865767046,62600.68212002841,63271.74609375,15021313
2023-04-13,62888.274111195155,63367.60546875,62696.54156817322,63367.60546875,15091022
2023-04-14,63846.943440380186,63846.943440380186,62313.08293730799,62408.94921875,16176490
2023-04-17,62313.076964490814,62888.27459800919,62025.47814773163,62600.67578125,13486618
2023-04-18,63175.87617306593,63271.74244950457,62121.34713224085,62888.27734375,14802060
2023-04-19,62792.41015625,63080.00898139313,62600.67760615458,62792.41015625,10255985
2023-04-20,62408.94323674388,62600.67578125,61929.611875478564,62600.67578125,9501169
2023-04-21,63080.01080907534,63175.877086900684,62696.54569777397,62984.14453125,10538622
2023-04-24,62600.674864599314,62984.139947996555,62121.343510352766,62504.80859375,12986581
2023-04-25,62600.67985947327,62696.546137971694,60779.22056800314,60970.953125,16193271
2023-04-26,60970.94988299532,61642.013796801875,60683.35106279251,61450.28125,12664541
2023-04-27,61450.27803308823,62313.07444852941,60683.34788602941,61929.609375,14779601
2023-04-28,62504.811331106874,63175.87525644084,62313.07878101145,62792.41015625,19699481
2023-05-02,63271.743364726026,63559.34219820205,62408.94686429794,62984.14453125,14396948
2023-05-03,62408.94025946101,62888.271597859326,62217.20772410168,62696.5390625,8876749
2023-05-04,62888.28062596006,62984.14690740208,62025.484092981955,62408.94921875,9791064
2023-05-08,63559.34402859446,63559.34402859446,62696.54750331942,63175.87890625,9405365
2023-05-09,63080.007142515315,63080.007142515315,62408.94323674388,62600.67578125,9366861
2023-05-10,62792.405790441175,62792.405790441175,61642.01056985294,61929.609375,13057727
2023-05-11,62025.47981162383,62408.944910922895,61546.1484375,61546.1484375,11648905
2023-05-12,61066.81615639626,61929.612617004685,60970.94988299532,61450.28125,8693913
2023-05-15,61450.288765746125,61929.62019137597,61258.55619549419,61833.75390625,8172021
2023-05-16,63080.00413321865,63175.87040089832,62600.67279482033,62696.5390625,12334657
2023-05-17,63175.87459134615,63175.87459134615,62121.34557692308,62313.078125,10745504
2023-05-18,63271.74011046073,63463.47265625,62984.14129177681,63463.47265625,14431704
2023-05-19,64997.34135142544,65572.5390625,64709.74249588816,65572.5390625,20349345
2023-05-22,65572.53216240875,66147.7298129562,65189.067062043796,65668.3984375,14470308
2023-05-23,65668.4053476791,65860.13791803728,65284.94020696272,65572.5390625,8561643
2023-05-24,65284.93333713504,65860.13098768248,65189.067062043796,65668.3984375,8192896
2023-05-25,67010.51319494913,67106.37945130814,65860.11811864098,65955.984375,14231160
2023-05-26,66914.66080636557,67489.8584637269,66627.06197768492,67393.9921875,19549511
2023-05-30,68352.66521870678,69311.328125,68256.79892807746,69311.328125,27476897
2023-05-31,69407.1862307423,69503.05251006653,68065.05832020308,68448.5234375,25666087
2023-06-01,67969.1875,68640.25141043724,67681.58868124119,67969.1875,14669296
2023-06-02,68736.10621537396,69215.4375,68640.23995844876,69215.4375,12161798
2023-06-05,69694.77990978034,69694.77990978034,68448.5183708159,68736.1171875,12686829
2023-06-07,68352.63781910212,68640.23657570423,67873.30655809859,68065.0390625,14796613
2023-06-08,67489.85613540198,67969.1875,67106.39104372356,67969.1875,19165568
2023-06-09,68160.92998046875,69311.32542317708,67873.33111979166,69023.7265625,15050209
2023-06-12,69119.56783670775,69407.16659330986,67873.30655809859,68065.0390625,12064287
2023-06-13,68736.12770182292,69215.45913628471,68640.26141493056,69023.7265625,13227285
2023-06-14,69119.5762778164,69215.44254172461,68160.91363873435,68927.84375,12541046
2023-06-15,69119.58043050699,69311.31296984266,68352.65027316434,68544.3828125,13614994
2023-06-16,68831.9921875,68927.85847188371,67969.19562804665,68831.9921875,15373696
2023-06-19,68352.65533927317,68736.12044636587,67969.19023218048,68256.7890625,11100887
2023-06-20,67777.45948223039,68448.5234375,67489.8606442577,68448.5234375,11557883
2023-06-21,67777.46695478723,68256.79840425531,67489.86808510638,67585.734375,10626603
2023-06-22,67298.11949947405,68544.38097168654,67202.25323238078,68352.6484375,11411007
2023-06-23,69023.71508379887,69215.44762569832,68640.25,68640.25,12329484
2023-06-26,68736.12353245857,69503.05378107735,68544.39097030387,69407.1875,10541901
2023-06-27,69503.05559142561,69598.921875,69023.72417355371,69598.921875,9442997
2023-06-28,69598.93057943604,69694.796875,69023.73280605227,69694.796875,8783093
2023-06-29,70427.96750906423,70717.0015754489,69753.5546875,69753.5546875,12229967
2023-06-30,69849.89341672437,70042.58277787396,69079.13597212604,69560.859375,11694765
2023-07-03,70042.59092465753,70524.31438356165,69946.24623287671,70331.625,10722181
2023-07-04,70717.00376712329,70909.69315068494,70235.28030821918,70331.625,10214350
2023-07-05,70331.62662760417,70620.66070963541,69271.83499348958,69368.1796875,12310610
2023-07-06,69271.82309488478,69753.54648219273,68886.44438503841,68982.7890625,14777667
2023-07-07,68501.08171271459,68790.11581276824,67248.60061248211,67344.9453125,17308877
2023-07-10,67441.27023381295,67826.64892086331,66670.51285971222,66959.546875,11713926
2023-07-11,67633.96448863635,68886.4453125,67537.61980987762,68886.4453125,12177392
2023-07-12,68597.40759735744,69368.1649860918,68501.06292376565,69271.8203125,10375581
2023-07-13,69753.54368045897,69946.23302764256,69271.8203125,69271.8203125,14417279
2023-07-14,69849.89010345709,70716.9921875,69753.54542745232,70716.9921875,15882519
2023-07-17,70524.30376023192,70813.33779203615,70138.92505115962,70620.6484375,10060049
2023-07-18,70524.316015625,70813.35009765625,69368.1796875,69368.1796875,11697900
2023-07-19,70042.57957418062,70138.92425034867,68693.75410782776,69079.1328125,10896412
2023-07-20,68501.06342429577,68886.44212147887,68212.02940140845,68404.71875,9732730
2023-07-21,67826.66500711237,67826.66500711237,66863.21806098863,67730.3203125,16528926
2023-07-24,67537.62220348012,68308.37966086649,67344.93283913353,67826.65625,13418597
2023-07-25,67441.28125,67923.0046875,67248.591875,67441.28125,14314945
2023-07-26,67248.59375,68019.35127148997,65610.73401683381,67248.59375,30016221
2023-07-27,67344.9286414749,69079.1328125,66766.86058446653,69079.1328125,24261179
2023-07-28,69175.4878496813,69753.55599327196,67537.62810950779,68019.3515625,19420683
2023-07-31,68308.38534204871,68404.73003223496,67248.59375,67248.59375,13035420
2023-08-01,67537.63117528129,68597.42281997186,67441.28648030943,68501.078125,12299254
2023-08-02,68115.70291264306,68404.73701269671,67248.60061248211,67344.9453125,13835020
2023-08-03,67344.92418014172,67633.95818949855,65996.09880314318,66285.1328125,20087090
2023-08-04,66285.1453147877,66574.17937866032,65707.07718704247,65803.421875,12360193
2023-08-07,65225.351893248175,66670.52217153285,65129.007208029194,65996.109375,10968505
2023-08-08,66477.82544378698,66574.1701183432,64936.31065088757,65129.0,14664709
2023-08-09,65514.389967343974,67055.90502539913,65418.04527621553,66381.4921875,17259673
2023-08-10,65803.42862477023,65996.11802045038,65321.70513556986,65514.39453125,10227311
2023-08-11,65899.76625,66285.145,65032.6640625,65032.6640625,9781038
2023-08-14,65032.66202521359,65418.04076314079,64454.593918322804,64839.97265625,9352343
2023-08-16,64261.899562733204,64647.278270755596,63876.52085471082,64550.93359375,13174578
2023-08-17,63876.51973622564,64358.243112818585,63587.48571026986,64261.8984375,10778652
2023-08-18,63587.49328337104,64261.90609092194,63394.80390978506,63876.52734375,11745006
2023-08-21,64165.55859375001,64647.28200661599,63876.52454603041,64165.55859375,9720067
2023-08-22,64743.626689189194,65225.350102055185,63876.52454603041,64165.55859375,10500242
2023-08-23,64261.902524217585,64647.28125,63972.86847988077,64647.28125,9549352
2023-08-24,65803.42281433285,66188.80157166423,65418.04405700147,65707.078125,15044463
2023-08-25,64647.28125,64936.31529433681,64454.59188710879,64647.28125,7032462
2023-08-28,64358.25,64550.93937125748,64069.21594311377,64358.25,5824628
2023-08-29,64454.59468562874,64743.628742514964,64165.56062874251,64358.25,9114352
2023-08-30,64839.97061289121,65225.34933867362,64647.28125,64647.28125,9181223
2023-08-31,64647.275282604634,64743.61995515695,63972.862574738414,64454.5859375,15964630
2023-09-01,64358.24242957746,68404.71875,64261.89775528169,68404.71875,29738235
2023-09-04,70235.27366792486,70235.27366792486,68115.69064913975,68597.4140625,26286495
2023-09-05,68308.37685643564,68886.44492574257,67633.96410891089,68115.6875,12330239
2023-09-06,68115.6940625,68212.03875,67152.2471875,67441.28125,11414620
2023-09-07,67441.27752130682,68019.34561434659,67055.89879261365,67826.65625,13741241
2023-09-08,67633.97561788763,67730.3203125,67055.90745021337,67730.3203125,10688118
2023-09-11,67826.66807909604,68212.046875,67441.28928319209,68212.046875,11785462
2023-09-12,68212.03404255319,68404.72340425532,67826.65531914894,67923.0,11688599
2023-09-13,68501.06435119887,68982.78772919605,67730.30694640339,68308.375,15955797
2023-09-14,68597.4094316597,69175.47748866807,68212.03072698745,69079.1328125,21041407
2023-09-15,69079.14560546874,69657.21376953126,68790.1115234375,69368.1796875,17823512
2023-09-18,68693.76821803775,69079.14700186966,67633.9765625,67633.9765625,16040727
2023-09-19,67826.66189111747,68212.04065186247,67055.9043696275,67248.59375,11820188
2023-09-20,67441.2771641523,67730.31120914152,66959.55375583693,67055.8984375,10873015
2023-09-21,66670.52626088534,67248.59440765603,66285.14749637156,66381.4921875,10796336
2023-09-22,65803.40946357195,66381.47748228561,65803.40946357195,66285.1328125,9897840
2023-09-25,65996.101067183,67152.23714427234,65996.101067183,66863.203125,13582516
2023-09-26,67793.92538265306,67793.92538265306,66244.34994533527,66438.046875,13143470
2023-09-27,66438.04849689327,66922.29083287646,66050.65462810673,66244.3515625,14886491
2023-10-04,65275.86247685185,65566.4078587963,64597.92325231482,65372.7109375,23361149
2023-10-05,65179.02050927661,65275.86897957272,64597.9296875,64597.9296875,16108313
2023-10-06,64985.32141927083,65179.018353456435,63919.98828125,63919.98828125,14386527
2023-10-10,64113.68587631777,65469.564429593374,64113.68587631777,64307.3828125,19889202
2023-10-11,66438.042269978,67212.82993493402,65760.10306314149,66050.6484375,25209349
2023-10-12,66438.05612753991,67503.38938906023,66050.66221425979,66728.6015625,19311380
2023-10-13,65856.953125,66341.19542738971,65566.40774356617,65856.953125,9724086
2023-10-16,65760.1064032318,66341.19718146359,64694.773309806835,65179.015625,12599299
2023-10-17,65566.41200243156,67697.07827134366,65275.86660212536,67212.8359375,17299253
2023-10-18,66728.58870789007,68278.1640625,66631.74024822695,68278.1640625,16493184
2023-10-19,67503.38444244604,67793.92985611511,67212.83902877697,67309.6875,13985012
2023-10-20,66728.59064998184,67019.13603742732,65953.80295012718,66631.7421875,15204495
2023-10-23,66534.89696408992,66922.29083287646,66050.65462810673,66244.3515625,11625959
2023-10-24,66534.90790374088,66631.7563868613,65566.42307253649,66341.2109375,12791710
2023-10-25,66631.74080882352,66631.74080882352,65760.10466452206,65856.953125,10610703
2023-10-26,64888.475098388306,65760.11133105322,64597.9296875,64597.9296875,15517624
2023-10-27,64985.31869892273,65179.015625,64597.9248467682,65179.015625,11334726
2023-10-30,64694.773309806835,65663.25794019316,64597.9248467682,65179.015625,10139270
2023-10-31,65469.56822215994,66147.50753806988,64791.62890625,64791.62890625,14488892
2023-11-01,65372.713761844025,66728.59226949708,65179.016832179295,66438.046875,13775256
2023-11-02,67793.93606527978,67793.93606527978,67212.84518472024,67503.390625,16350031
2023-11-03,67503.39536188937,67987.6377963362,67309.69838811063,67406.546875,10322234
2023-11-06,67600.22168106488,68665.5546875,67115.97940541255,68665.5546875,22228489
2023-11-07,68375.00932210861,68665.5546875,67793.91859132581,68665.5546875,17228731
2023-11-08,69052.94868785766,69149.79714324034,67503.37340173463,67697.0703125,12901310
2023-11-09,67697.0826702525,68568.71892780939,67406.53725106685,68084.4765625,12301373
2023-11-10,67793.9217641844,68278.1640625,67309.6794658688,68278.1640625,9684347
2023-11-13,69052.96442205255,69052.96442205255,68084.47964754971,68181.328125,9246919
2023-11-14,68762.42353019067,68859.27201403602,68375.02959480933,68568.7265625,9567984
2023-11-15,69343.5029432133,69924.59375,69246.65447541552,69924.59375,20148677
2023-11-16,70215.14208447802,70699.38444368132,70021.44514079671,70505.6875,15860451
2023-11-17,70021.43589439655,70699.37510775862,70021.43589439655,70215.1328125,11494644
2023-11-20,69827.74513196354,70699.38134026823,69827.74513196354,70408.8359375,10610157
2023-11-21,70796.23291552198,71086.77833104396,70408.83902815935,70505.6875,9712881
2023-11-22,69924.59666895604,70699.38444368132,69634.05125343407,70505.6875,11105143
2023-11-23,70699.38773308012,70893.08468577349,69924.59992230663,70118.296875,6775614
2023-11-24,70118.29083856345,70311.98777458159,69440.3515625,69440.3515625,6676685
2023-11-27,69246.64221379734,69827.73291768934,68859.24841120267,69052.9453125,9113857
2023-11-28,69149.80585883769,70408.8359375,69052.95739124827,70408.8359375,13283081
2023-11-29,70118.29053473177,70505.68440508941,69924.59359955296,70408.8359375,9283933
2023-11-30,70408.83902815935,70505.6875,69924.59666895604,70505.6875,15783714
2023-12-01,70118.28446180555,70215.13292100695,69440.34524739583,69730.890625,9871284
2023-12-04,70505.68130165289,70602.52976497934,70118.28744834711,70311.984375,10229267
2023-12-05,70021.45045865519,70118.29893785113,68956.1171875,68956.1171875,12129682
2023-12-06,69537.20003050906,69827.74543453626,69343.50309449094,69440.3515625,8123087
2023-12-07,69537.20166083916,69634.05013111889,68859.26236888111,69246.65625,8862017
2023-12-08,69827.74205836776,70505.68130165289,69634.04513171487,70311.984375,10859463
2023-12-11,70505.67808219178,70699.375,69924.58732876713,70699.375,9861960
2023-12-12,70989.92806122449,71183.625,70796.23112244898,71183.625,13758646
2023-12-13,70989.9298592033,71183.62680288462,70505.6875,70505.6875,13116766
2023-12-14,71764.71119399795,71958.40812029754,70215.13578360123,70796.2265625,27567593
2023-12-15,71474.1641797408,71667.86110163711,70893.07341405185,70989.921875,15419815
2023-12-18,70989.92511145405,71086.77357681756,70505.68278463649,70602.53125,9690551
2023-12-19,70699.37957680518,71086.7734375,70505.68264645776,71086.7734375,8907632
2023-12-20,71861.56542446524,72539.50472092246,71474.17154077541,72442.65625,16870156
2023-12-21,72248.9576875,72636.3515625,71958.41228125,72636.3515625,13478766
2023-12-22,73411.13591073781,73895.37823204875,73023.74205368906,73507.984375,14515608
2023-12-26,73701.67956511097,74282.7703369778,73314.28571719975,74185.921875,13164909
2023-12-27,74634.516015625,75899.5078125,74439.90189302884,75899.5078125,20651042
2023-12-28,75607.58261345541,76386.0390625,75412.96850119426,76386.0390625,17797536
2024-01-02,76094.1229978015,77651.03600031407,76094.1229978015,77456.421875,17142847
2024-01-03,76386.05139001623,76677.97260551948,74926.4453125,74926.4453125,21753644
2024-01-04,74050.67561806462,75218.36038470954,74050.67561806462,74537.2109375,15324439
2024-01-05,74634.51800138707,75023.74625693538,74342.59680972584,74537.2109375,11304316
2024-01-08,74926.44158496732,75412.97691993465,74342.59918300653,74439.90625,11088724
2024-01-09,75315.65756777108,75607.57872113453,72299.1389830154,72688.3671875,26019249
2024-01-10,72980.29095193614,73174.90506114131,71228.76396908968,71617.9921875,20259529
2024-01-11,70936.84445440573,71617.99385245901,70742.23034067622,71228.765625,57691266
2024-01-12,71034.15387739398,72104.53153856019,70839.53975718193,71131.4609375,13038939
2024-01-15,71228.7724120433,72007.22894113667,71228.7724120433,71909.921875,2957915
2024-01-16,71520.69327866736,71715.30741003787,70547.62262181473,70644.9296875,14760415
2024-01-17,71131.46397447183,71326.07810299296,69088.015625,69088.015625,22683660
2024-01-18,69671.84919804742,70061.07740585774,68796.0857304742,69769.15625,17853397
2024-01-19,71520.68257404618,72688.3671875,71034.14731844043,72688.3671875,23363427
2024-01-22,73856.05803720039,73953.36509653795,72980.29450316244,73077.6015625,19673375
2024-01-23,73661.44153091755,73758.74858710107,72299.14274434841,73174.90625,14786224
2024-01-24,73174.91131756756,73174.91131756756,71520.6912478885,72007.2265625,12860661
2024-01-25,72201.8383097166,72785.6806680162,71715.3030111336,72104.53125,11737747
2024-01-26,71715.30399565736,72493.76048407698,71326.07575144754,71423.3828125,11160062
2024-01-29,71812.60301159274,73174.90171370967,71520.6818611391,72396.4453125,13976521
2024-01-30,72980.28999831763,73272.2111583109,71715.29830501346,72299.140625,12244418
2024-01-31,71423.38381189821,72007.2261863824,70547.62025017194,70742.234375,15703560
2024-02-01,71034.1498598845,72201.8345151155,70936.84280528194,71617.9921875,19881033
2024-02-02,72007.22157579787,73174.90625,71715.30040724734,73174.90625,14955881
2024-02-05,72201.83357166892,72785.67589165545,71520.68419835129,72299.140625,19026021
2024-02-06,72299.13826234879,72688.36646295362,71326.0677608367,72396.4453125,14559254
2024-02-07,72591.06085416667,73466.82432291667,72299.13969791666,72980.2890625,16566445
2024-02-08,72980.29478744938,73174.90890688259,71617.995951417,72104.53125,20810708
2024-02-13,72785.67802526597,73174.90625,72396.44980053192,73174.90625,21966745
2024-02-14,71715.3053737331,72299.1477512669,71715.3053737331,72007.2265625,12434945
2024-02-15,72201.83619364754,72396.45030737705,71034.1515112705,71228.765625,14120600
2024-02-16,71326.07435825893,71423.38141741071,70547.61788504464,70839.5390625,13444781
2024-02-19,70839.54649390244,71909.92425685975,70839.54649390244,71812.6171875,12726404
2024-02-20,71715.29852702933,71715.29852702933,70839.53504433834,71326.0703125,14681477
2024-02-21,71423.37664811643,71715.29780607877,70936.84138484589,71034.1484375,11503495
2024-02-22,71812.61035824213,71909.91741834815,70742.23269707592,71131.4609375,15208934
2024-02-23,71617.99314128944,72201.83547668038,70936.84375,70936.84375,16225166
2024-02-26,70353.00376674107,71228.76729910714,70255.69670758929,70839.5390625,14669352
2024-02-27,71131.45786179698,71423.37902949245,70742.22963820302,70936.84375,13201981
2024-02-28,70936.84445440573,71909.91502305327,70839.53739754097,71228.765625,11795859
2024-02-29,70644.92632408038,71423.3828125,70061.08395776567,71423.3828125,21176403
2024-03-04,72299.13429364152,72980.28360730974,72007.21315921228,72882.9765625,23210474
2024-03-05,72591.06033751696,72785.6744402985,71715.296875,71715.296875,19505125
2024-03-06,71228.76491769547,71520.68608539095,70742.22963820302,70936.84375,21547905
2024-03-07,71131.45882747576,71326.07294191481,70255.6953125,70255.6953125,14516963
2024-03-08,70839.53504433834,71423.37736613234,70644.92093707366,71326.0703125,19271349
2024-03-11,70936.84780732045,71131.46193024862,70353.00543853591,70450.3125,9740504
2024-03-12,70644.92093707366,71520.68441976466,70158.385668912,71326.0703125,13011654
2024-03-13,71715.3030111336,72104.53125,71520.6888917004,72104.53125,15243134
2024-03-14,72396.4476783311,72493.75473166218,71617.99125168237,72299.140625,22545539
2024-03-15,71423.36966199861,71715.29079140733,70352.9921875,70352.9921875,22580555
2024-03-18,70644.92494419643,71034.15318080357,70547.61788504464,70839.5390625,11520348
2024-03-19,70353.00376674107,71034.15318080357,69769.16141183036,70839.5390625,15376066
2024-03-20,71715.30673967816,75121.05400682705,71423.3855453511,74829.1328125,50106297
2024-03-21,77067.19293820934,77164.5,75607.5870113493,77164.5,44569799
2024-03-22,77456.42288498099,77748.34407675856,75704.89573431559,76775.2734375,26724761
2024-03-25,77456.4318654092,77651.0460158248,75704.90451166879,76094.1328125,18703996
2024-03-26,77553.7218300219,77942.95004497809,77067.18656132666,77748.3359375,30551494
2024-03-27,77067.18890977444,77845.64536340852,77067.18890977444,77651.03125,17424595
2024-03-28,77612.91653774753,79176.90478032178,77417.41800742575,78981.40625,25084812
2024-03-29,79372.3994993932,80643.13988546723,79079.15171799151,80545.390625,27126366
2024-04-01,81327.38963414634,81425.13890053354,80154.3984375,80154.3984375,20116513
2024-04-02,81034.13282169118,83086.8671875,81034.13282169118,83086.8671875,37077944
2024-04-03,82402.6235136742,83086.8683115339,81620.62945897742,82207.125,30493347
2024-04-04,83282.37573270808,83575.62353458382,82402.6323270809,83380.125,25248934
2024-04-05,82598.1171875,83086.86344304735,81913.87242973373,82598.1171875,18883752
2024-04-08,83282.36194526628,84064.35595414201,82598.1171875,82598.1171875,18953232
2024-04-09,82598.12616813697,82989.12321508673,81229.6365038128,81718.3828125,23725956
2024-04-11,81327.38168846612,82793.6205410226,80643.13689060643,82207.125,25538009
2024-04-12,82793.61753285544,82989.11603942653,81327.37873357229,81816.125,17061770
2024-04-15,81034.13543567518,81327.38321167883,79372.39803832116,80349.890625,26663772
2024-04-16,79372.3894140625,79470.13866210938,77612.90294921875,78199.3984375,31949845
2024-04-17,78883.6586858365,78981.4079531052,77124.171875,77124.171875,22611631
2024-04-18,77026.4199513191,78297.16038198807,76537.67363183103,77808.4140625,21370190
2024-04-19,76537.67454292848,76928.67160317332,74582.68924170425,75853.4296875,31317563
2024-04-22,75657.92789093299,75755.67715177398,73409.69489159001,74387.1875,30469477
2024-04-23,74680.43079470198,75071.42781456954,73800.6875,73800.6875,18717699
2024-04-24,75755.67996580788,77026.42040394402,75462.43217239185,76830.921875,22166150
2024-04-25,75560.18012778506,75755.67865334207,74582.6875,74582.6875,15549134
2024-04-26,76048.92150831161,76146.67076474903,74778.18117462516,74973.6796875,12755629
2024-04-29,75657.92448256194,75853.42299543678,74484.93340531291,74973.6796875,14664474
2024-04-30,75266.91784274194,76733.15650201614,74875.92086693548,75755.6640625,19007007
2024-05-02,75853.42483974359,76830.91742788462,75560.17706330128,76244.421875,18900640
2024-05-03,77221.91939835696,77221.91939835696,75755.68042243879,75853.4296875,13151889
2024-05-07,77808.41101629766,79470.1484375,77612.9124961562,79470.1484375,26238868
2024-05-08,78981.40213714638,79567.89769757072,78688.15435693419,79470.1484375,13089576
2024-05-09,79274.6458202635,79665.64284033877,77906.15625,77906.15625,18759935
2024-05-10,78590.39725378787,79274.64200599748,77124.15849905302,77417.40625,16976124
2024-05-13,77612.91450095663,78101.66081393496,75853.42777423469,76635.421875,18652344
2024-05-14,76830.91965996168,77026.41818326947,76146.67482838442,76537.671875,11763992
2024-05-16,78394.91510150256,78492.66437220268,76342.18041679988,76439.9296875,20989778
2024-05-17,76830.91291182171,77026.41141795866,75462.42336886305,75657.921875,15918201
2024-05-20,76342.17773685044,77319.67040953739,76146.67920231305,77124.171875,19456783
2024-05-21,76733.17113759567,77221.91745057398,76439.92334980867,76635.421875,13690583
2024-05-22,76342.16889880953,76928.66443452382,75560.17485119047,75951.171875,19521506
2024-05-23,75951.17630507663,77319.66596823116,75364.68073515325,76537.671875,18728087
2024-05-24,75071.43083003952,75266.92934782608,73996.18898221344,74191.6875,27891278
2024-05-27,73605.19372368847,76439.92230003238,72334.45332739638,75462.4296875,43825202
2024-05-28,74778.18777182668,76244.42674774484,74484.93997664304,75853.4296875,18539072
2024-05-29,75951.16879986702,76439.91505984042,73507.4375,73507.4375,30244875
2024-05-30,73116.44345238095,73507.44047619047,71845.703125,71845.703125,28551273
2024-05-31,72823.19568452382,73018.69419642857,71845.703125,71845.703125,26198776
2024-06-03,72725.45483817701,74680.4401832893,72529.9563036658,73996.1953125,15706268
2024-06-04,73214.19825904715,74387.18941940571,73214.19825904715,73605.1953125,14098053
2024-06-05,76244.41739341085,76244.41739341085,75071.42635658915,75657.921875,23177968
2024-06-07,76635.41364812419,76830.91215232859,75364.6733707956,75560.171875,21189349
2024-06-10,74387.19238152246,74875.93871780053,73898.44604524439,73996.1953125,14598755
2024-06-11,74191.68226396276,74289.43151595745,73409.68824800532,73507.4375,16971175
2024-06-12,73605.19632352941,75364.6830882353,73507.44705882353,74778.1875,19246725
2024-06-13,76635.42334605598,77221.91893288805,76048.92775922392,76830.921875,33763804
2024-06-14,77906.16332639761,78688.15743757853,77221.91847911432,77808.4140625,22926612
2024-06-17,77417.40580985915,77710.65355913893,76244.41481274007,76342.1640625,16123051
2024-06-18,76928.66443452382,78394.90327380953,76830.91517857143,78003.90625,18207598
2024-06-19,79274.64917834052,80643.13880657328,78688.15362338362,79372.3984375,24168863
2024-06-20,79665.64137178309,80349.88614430148,79372.39361213235,79763.390625,20288913
2024-06-21,78883.64317382812,78981.392421875,78199.3984375,78199.3984375,17907523
2024-06-24,77906.14742943548,79079.13835685485,77710.64894153226,78785.890625,15454227
2024-06-25,78785.90771967822,79958.8989016089,78297.16139387376,78981.40625,19088458
2024-06-26,78297.1573166513,79567.89769757072,78101.65879650984,79470.1484375,17783242
2024-06-27,79824.59274471508,80119.1484375,79039.1108972886,80119.1484375,11739720
2024-06-28,80413.70970092024,80413.70970092024,79333.67208588957,80020.96875,9455929
2024-07-01,80020.95994422371,80610.07130577628,79824.58949037286,80315.515625,11317202
2024-07-02,81002.812213478,81100.99744040341,80020.95994422371,80315.515625,14471904
2024-07-03,80806.44175962714,80806.44175962714,79530.03380959657,80315.515625,11440328
2024-07-04,81395.56189974882,83162.89617501477,80904.63571217495,83064.7109375,43857229
2024-07-05,84046.56515499427,85519.34375,83653.82419632607,85519.34375,45791193
2024-07-08,86304.82462993421,86992.1212993421,85322.97224506579,85813.8984375,24035809
2024-07-09,86206.640625,86599.3815845672,85322.9734659738,86206.640625,21336201
2024-07-10,86010.2701452164,86403.0111047836,85519.3439457574,86206.640625,17813847
2024-07-11,86893.93273758562,87188.48844178082,85126.59851241438,86010.265625,24677608
2024-07-12,84341.1223711493,84537.49285396919,82573.78802577015,82868.34375,26344386
2024-07-15,83162.88916522491,85715.70512543252,82573.77778979238,85126.59375,25193080
2024-07-16,85322.97122648233,86403.00883694414,85126.60075185291,86108.453125,16166688
2024-07-17,85519.33466695502,86403.0017301038,84832.03806228374,85126.59375,18186490
2024-07-18,82279.22648158803,85322.96875,82279.22648158803,85322.96875,24721790
2024-07-19,84046.56664691943,84537.49285396919,82573.78802577015,82868.34375,18569122
2024-07-22,82868.33542921687,83359.26158697289,81101.00126129518,81493.7421875,18987560
2024-07-23,82671.96977428487,83162.89596059297,81886.4878761919,82377.4140625,15766389
2024-07-24,81395.56561547256,81788.30658346036,80413.71319550305,80511.8984375,16939083
2024-07-25,78940.9296875,79530.04110307836,78646.37397971081,78940.9296875,20323811
2024-07-26,79235.48889446848,79824.60033606304,78940.9331736712,79431.859375,14508334
2024-07-29,80119.1550184729,80511.89597444581,79628.22882350677,79726.4140625,12797136
2024-07-30,78940.93541666667,79530.046875,78548.19444444445,79530.046875,13169636
2024-07-31,79726.41265643622,82377.4140625,79431.85694465137,82377.4140625,20744323
2024-08-01,84439.30148164862,84537.48671592961,81591.9296875,81591.9296875,20900338
2024-08-02,79530.04652167085,79922.78749214824,78057.26788238065,78155.453125,25800275
2024-08-05,75308.08366158964,75504.45415353641,68926.04267331933,70104.265625,54608790
2024-08-06,73540.74256465517,73933.48351293104,70987.92640086207,71184.296875,47295226
2024-08-07,71675.22590361445,74620.78313253012,71478.85542168675,73344.375,32710428
2024-08-08,71871.59826294277,72558.89496764305,71184.30155824251,72067.96875,28414729
2024-08-09,74326.22740963855,74424.41265060242,72853.44879518072,73344.375,16388222
2024-08-12,73835.29586092716,74522.59249793047,73442.55492549669,74129.8515625,9839259
2024-08-13,75111.70186227004,75209.88709346254,74129.84955034494,74718.9609375,10716261
2024-08-14,75995.37046632124,76388.11139896374,75602.62953367876,75799.0,13246168
2024-08-16,77959.07284523068,78744.5546875,77271.77623324501,78744.5546875,22061478
2024-08-19,78646.37329382185,78646.37329382185,76584.48335727969,76879.0390625,14146565
2024-08-20,78057.26770437263,78351.82343155894,77271.78576520913,77468.15625,10683836
2024-08-21,76486.29812220627,77173.59476772031,76388.11288713283,76879.0390625,7805598
2024-08-22,77271.78000279375,77468.15047294062,76388.11288713283,76879.0390625,8149101
2024-08-23,76289.9296875,76977.22635135136,76093.5592121139,76289.9296875,9420306
2024-08-26,76682.6655613502,76780.85079254271,74620.7757063075,74718.9609375,15655938
2024-08-27,74326.22881967349,75111.71076228561,74228.04357684696,74424.4140625,11130145
2024-08-28,74424.41199689136,75013.5234375,74031.6710364856,75013.5234375,9794514
2024-08-29,72264.33716216216,73344.37480996622,72166.1519214527,72657.078125,16884479
2024-08-30,73049.81022880216,73638.92160161507,72755.25454239569,72951.625,16358520
2024-09-02,73147.99773185483,73344.36819556452,72166.14541330645,73049.8125,12641376
2024-09-03,72755.26066810345,72951.63114224137,71184.296875,71184.296875,16314599
2024-09-04,68533.29359375,69809.701640625,68533.29359375,68729.6640625,27366563
2024-09-05,68827.85009057971,69907.88768115942,67747.8125,67747.8125,25686769
2024-09-06,67845.99546444122,68435.10685776487,66765.9579100145,67649.625,19022299
2024-09-09,65685.9198611111,66962.32787037037,65391.364166666666,66275.03125,23263298
2024-09-10,65784.11082656722,66078.66654668617,64802.258426170694,64998.62890625,30651376
2024-09-11,63918.58530551811,64311.32622905431,63034.91822756163,63722.21484375,35809707
2024-09-12,64802.25678733032,65391.36821266969,64016.77488687783,65096.8125,35884106
2024-09-13,63820.40439392469,64311.33058157027,63133.10773122089,63231.29296875,25045135
2024-09-19,62838.553882725835,63231.29484449287,61071.21955477417,61954.88671875,49402713
2024-09-20,62642.18111359127,63525.8482452877,61856.69921875,61856.69921875,32746056
2024-09-23,61169.4013266274,62347.624145117814,61071.216091753195,61463.95703125,28542376
2024-09-24,61660.32936115506,62249.44078817247,61267.58840981012,62053.0703125,26957500
2024-09-25,62642.182576366555,63034.92353295819,61071.21875,61071.21875,28652438
2024-09-26,62740.36576869204,63722.21812813949,62543.99529680255,63525.84765625,37566015
2024-09-27,63882.286196699766,64573.43921582944,63388.60546875,63388.60546875,28433030
2024-09-30,63388.60236280488,63487.33850355691,60722.7265625,60722.7265625,32694163
2024-10-02,59735.368640395594,61117.6746915783,59142.951761317294,60525.2578125,28473536
2024-10-04,60229.04612726897,60920.19911561468,59735.36542130775,59834.1015625,24247578
2024-10-07,59439.15773565574,61117.672156762295,58748.00473872951,60229.046875,35066533
2024-10-08,59241.686100746265,60229.047535758706,59142.94995724502,59537.89453125,27411786
2024-10-10,59340.41960685483,59439.15574596774,58155.5859375,58155.5859375,45262214
2024-10-11,58353.06286229975,59340.42433205101,58254.32671532462,58550.53515625,29623969
2024-10-14,58748.00745020025,60426.5219487774,58649.27130322513,58550.53515625,20886249
2024-10-15,60327.783017418034,60623.99144467213,59340.421593237705,60229.046875,22715239
2024-10-16,58649.267765231096,59241.684611344535,58451.79548319328,58748.00390625,23303268
2024-10-17,58649.268137562816,59340.42112908292,58353.05971262563,58945.4765625,23372873
2024-10-18,59142.94987858953,59340.422165329386,58353.06073163007,58451.796875,14420260
2024-10-21,58254.32421875,58846.74107521187,57760.64350503178,58254.32421875,18514905
2024-10-22,58056.85146772097,58155.587609672875,56970.75390625,56970.75390625,27582527
2024-10-23,56773.28035770939,59241.68385152284,56378.335798699234,58353.05859375,27300780
2024-10-24,57464.434518551236,57760.64294390459,55884.65625,55884.65625,31499922
2024-10-25,55292.24004919499,56180.86533569991,55094.76776330501,55193.50390625,25829315
2024-10-28,54996.031781142425,57760.64379168459,54996.031781142425,57365.69921875,27775009
2024-10-29,57266.96387374161,58846.7421875,56575.81086147231,58846.7421875,28369314
2024-10-30,58353.05859375,59044.21157201776,57859.37789498731,58353.05859375,19838511
2024-10-31,57760.64387141047,60426.51974239865,57563.17158467061,58451.796875,35809196
2024-11-01,58254.324882075474,58846.74174528302,57365.69958726415,57563.171875,19083180
2024-11-04,57859.38104237649,58649.27020336456,57661.90875212947,57958.1171875,15586947
2024-11-05,57069.49182128906,57365.700256347656,56477.074951171875,56872.01953125,17484474
2024-11-06,56872.02094240838,57266.965532286216,55588.45102530541,56575.8125,22092218
2024-11-07,56180.867910122164,57365.70167975567,56082.13176265271,56575.8125,17043102
2024-11-08,57266.96299342105,57563.17142269737,56279.6015625,56279.6015625,13877396
2024-11-11,55983.39334517045,56082.12948863636,54304.87890625,54304.87890625,29811326
2024-11-12,53909.93455188679,53909.93455188679,52330.15625,52330.15625,37962881
2024-11-13,51342.79428112649,52330.15570960969,49861.75213840168,49960.48828125,52527995
2024-11-14,49565.544369989984,51145.32267660321,49269.3359375,49269.3359375,48510715
2024-11-15,49664.279395443926,53514.98893107476,49664.279395443926,52823.8359375,46774485
2024-11-18,56279.60296792328,56773.28369571208,55193.50536678792,55983.39453125,48095234
2024-11-19,55785.92150727131,56773.28294987788,55193.50464170737,55588.44921875,31539632
2024-11-20,55390.97902774638,55785.92361974457,54107.40910375226,54601.08984375,20864667
2024-11-21,54206.14147689495,56180.86429936835,54008.669194647606,55687.18359375,19096850
2024-11-22,55292.23828125,55983.39125976562,55193.50214146206,55292.23828125,15281543
2024-11-25,56674.54584952504,57168.2265625,55983.3928513601,57168.2265625,36237325
2024-11-26,57168.227299528306,58155.588738207545,56773.282724056604,57563.171875,23209405
2024-11-27,56970.7552383992,57069.49138265986,55292.240785968024,55588.44921875,21808387
2024-11-28,55292.239301801805,55687.18386824324,54502.35016891892,54798.55859375,20001134
2024-11-29,54403.61751902675,54601.08981492159,53120.04759571033,53514.9921875,24513531
2024-12-02,53613.72724026352,53712.46338619403,52428.89348909748,52922.57421875,22044867
2024-12-03,52428.89348909748,53712.46338619403,52428.89348909748,52922.57421875,23374603
2024-12-04,51342.793079096045,52725.099046610165,51342.793079096045,52428.890625,29004766
2024-12-05,52527.627880586595,53712.46159217877,52527.627880586595,53021.30859375,23588277
2024-12-06,53218.78161824168,53712.46233826248,52033.947890191776,53416.25390625,22861874
2024-12-09,52823.833794183054,53909.93131144663,52527.6253803839,52725.09765625,26227680
2024-12-10,53811.19632523148,53811.19632523148,53021.30720486111,53317.515625,20783970
2024-12-11,52922.571064814816,53514.98790509259,52725.09878472222,53317.515625,14565947
2024-12-12,53317.51719029517,55785.920763919945,53218.78104735018,55193.50390625,33476698
2024-12-13,55094.76813168449,55588.44884971034,54798.55970086898,55390.9765625,15908823
2024-12-16,55588.44989321043,55884.65832958633,54502.352293165466,54897.296875,15277277
2024-12-17,54008.67292723709,54502.35366697417,53317.51989160517,53514.9921875,20215230
2024-12-18,53416.25150842441,54699.821322859745,53317.51536885246,54206.140625,13698937
2024-12-19,52823.83518714689,53120.04360875706,52428.890625,52428.890625,22481925
2024-12-20,52033.94781839623,52428.89239386793,51244.05866745283,52330.15625,24674774
2024-12-23,52725.099795560745,53317.51664719626,52626.36365362149,52823.8359375,13672650
2024-12-24,53021.30794749541,53811.197078929225,52922.571806066175,53712.4609375,11634677
2024-12-26,53811.199532124534,53909.93567805504,52823.8380728195,52922.57421875,10517075
2024-12-27,53184.02107338222,53780.47738448557,52885.79291783054,53382.83984375,10747196
2024-12-30,52985.20235402961,53681.06805098685,52786.38358347039,52885.79296875,12624702
2025-01-02,52388.74370903558,53283.42813670412,51991.106185627345,53084.609375,16630538
2025-01-03,52488.15303308824,54774.5687902114,52488.15303308824,54078.703125,19318046
2025-01-06,54078.7030411449,55868.07189177102,53979.29366055456,55569.84375,19034284
2025-01-07,56464.52820397112,56961.575107175086,55072.796875,55072.796875,17030235
2025-01-08,54476.343477312395,57160.39689681501,54376.93409140489,56961.578125,26593553
2025-01-09,57259.80481283423,57359.214196189845,55768.6640625,55768.6640625,24490592
2025-01-10,55768.66571541592,56166.30326062387,54873.98123869801,54973.390625,16059223
2025-01-13,54277.52348082255,54675.16101548059,53780.4765625,53780.4765625,16868600
2025-01-14,53879.88439239332,54277.52191558441,53382.83748840445,53581.65625,17465926
2025-01-15,53780.47738448557,54376.93369558892,53184.02107338222,53382.83984375,18625025
2025-01-16,53879.887488489876,54675.162580570905,53780.478101979745,53979.296875,18627298
2025-01-17,53482.24922893389,53780.47738448557,52885.79291783054,53382.83984375,18805344
2025-01-20,53283.42813670412,53581.6562792603,52985.19999414794,53084.609375,11822531
2025-01-21,53382.8382958528,53979.294589661215,52985.2007666472,53184.01953125,13535702
2025-01-22,53084.61239640884,54078.70626151013,52786.38423687845,53979.296875,18341991
2025-01-23,53382.83984375,53780.47738448557,53184.02107338222,53382.83984375,15588067
2025-01-24,53283.43045856611,53482.24922893389,52885.79291783054,53382.83984375,11867631
2025-01-31,51891.69686307252,52686.97191078244,51394.649958253816,52090.515625,42186279
2025-02-03,50798.194538909316,51096.42268688726,50499.966390931375,50698.78515625,32344897
2025-02-04,51295.24285460152,53283.43056214422,51195.83346922439,52388.74609375,27214851
2025-02-05,53283.42816635161,53482.24692816635,52488.153119092625,52587.5625,15974885
2025-02-06,53084.61011284722,53681.06640625,52885.79134837963,53681.06640625,16466025
2025-02-07,53581.65861411778,53879.886769669465,53283.43045856611,53382.83984375,14476866
2025-02-10,52686.97321830036,55569.84533779226,52587.5638348696,55271.6171875,27577591
2025-02-11,55172.20857411356,55967.483652659335,54675.16165002244,55371.02734375,24596196
2025-02-12,54774.57179659498,55569.846886200714,54178.11547939068,55470.4375,26428596
2025-02-13,55768.66565860215,56066.8938172043,55271.618727598565,55470.4375,22448377
2025-02-14,55669.25390625,56961.57587193081,55669.25390625,55669.25390625,23979779
2025-02-17,55768.66328822545,56166.30081612724,55371.02576032366,55669.25390625,11916027
2025-02-18,55868.07183655536,56862.16564147628,55569.843695079086,56563.9375,22131007
2025-02-19,57060.986597636285,58552.127362382875,56961.57721331985,58353.30859375,25395151
2025-02-20,58750.943787457196,58750.943787457196,57756.84998394692,58055.078125,21589059
2025-02-21,58055.08048754295,58154.48987193943,56762.75849038875,57856.26171875,22198428
2025-02-24,56961.578125,57359.21566863002,56862.1687390925,56961.578125,14138471
2025-02-25,56265.71166138549,57458.62427611451,56166.30227682474,56862.16796875,14625181
2025-02-26,56663.34847062721,56762.75785390901,55768.66402109099,56265.7109375,18117091
2025-02-27,56166.30314720248,56762.75946380995,55868.074988898756,55967.484375,14975356
2025-02-28,55072.797720756884,55371.02586725917,54178.11328125,54178.11328125,28036698
2025-03-04,53581.65698824541,54675.160192087154,53482.24760607798,54178.11328125,18553933
2025-03-05,54774.56961082176,55072.79775752315,53681.06640625,53681.06640625,16578817
2025-03-06,53780.478101979745,54178.11564802026,53681.06871546961,53979.296875,12258101
2025-03-07,53184.02107338222,53879.886769669465,53084.611688198325,53382.83984375,14274992
2025-03-10,53184.02107338222,54476.343080772815,53184.02107338222,53382.83984375,12921670
2025-03-11,52189.92646630131,53780.47660622668,52189.92646630131,53283.4296875,17740891
2025-03-12,53482.24681238616,54973.38752276867,53283.42805100182,54575.75,17973221
2025-03-13,55470.436828724865,55569.84621372258,53879.88666876143,54376.93359375,24132151
2025-03-14,54178.11482375457,54774.57113374086,54078.70543875686,54376.93359375,10845154
2025-03-17,55172.20764160156,57458.62345377604,55072.79825846354,57259.8046875,35559021
2025-03-18,58452.71728515625,58651.53605143229,56961.57653808594,57259.8046875,28138594
2025-03-19,57060.98508279915,58850.353952991456,57060.98508279915,58154.48828125,29421759
2025-03-20,58850.35537790698,59943.8586028343,58154.489689316855,59844.44921875,34989004
2025-03-21,60540.31477284238,61335.58984375,60043.26785352512,61335.58984375,40155612
2025-03-24,60838.54145144628,61236.17897727273,60142.67578125,60142.67578125,14088094
2025-03-25,60540.31573996656,60739.13451086957,59148.58434364548,59446.8125,17259455
2025-03-26,59446.813098025246,61037.36328125,59347.4037115737,61037.36328125,16431645
2025-03-27,60540.31553398058,61633.81877022654,60440.90614886732,61435.0,20389790
2025-03-28,60700.0,61100.0,60000.0,60200.0,16282514
2025-03-31,59500.0,59700.0,57800.0,57800.0,17633494
2025-04-01,58700.0,59600.0,57900.0,58800.0,13841706
2025-04-02,58800.0,59400.0,58300.0,58800.0,14402297
2025-04-03,56900.0,57800.0,56900.0,57600.0,19508076
2025-04-04,56200.0,58200.0,55700.0,56100.0,23527139
2025-04-07,53300.0,54100.0,53100.0,53200.0,31998883
2025-04-08,55000.0,55300.0,53300.0,53500.0,25532845
2025-04-09,53300.0,54300.0,52900.0,53000.0,20576960
2025-04-10,56600.0,56700.0,55000.0,56400.0,22948172
2025-04-11,55600.0,55700.0,54800.0,55200.0,13930480
2025-04-14,56300.0,56700.0,55800.0,56200.0,12852613
2025-04-15,56300.0,57100.0,56200.0,56600.0,8998640
2025-04-16,56000.0,56200.0,54500.0,54700.0,14437025
2025-04-17,54700.0,55300.0,54500.0,55100.0,10867069
2025-04-18,55300.0,55600.0,54900.0,55300.0,5848342
2025-04-21,55200.0,56000.0,55100.0,55400.0,5941847
2025-04-22,54900.0,55500.0,54700.0,55000.0,9532469
2025-04-23,56000.0,56100.0,55500.0,55700.0,11148692
2025-04-24,55600.0,55800.0,55200.0,55700.0,10580377
2025-04-25,56400.0,56400.0,55600.0,55700.0,12183303
2025-04-28,55800.0,55900.0,55500.0,55800.0,9341518
2025-04-29,55700.0,56500.0,55600.0,55800.0,10295518
2025-04-30,55900.0,56000.0,55300.0,55500.0,13014189
2025-05-02,55000.0,55500.0,54200.0,54300.0,22454204
2025-05-07,54500.0,55000.0,54300.0,54600.0,17136991
2025-05-08,55100.0,55500.0,54500.0,54600.0,16320532
2025-05-09,54700.0,55000.0,54400.0,54800.0,7814322
2025-05-12,55200.0,57600.0,55000.0,57600.0,15414702
2025-05-13,57700.0,58200.0,56800.0,56900.0,16842801
2025-05-14,57500.0,57900.0,57000.0,57400.0,12468089
2025-05-15,57400.0,58600.0,57100.0,57300.0,13139736
2025-05-16,57400.0,57500.0,56700.0,56800.0,10385352
2025-05-19,56400.0,56400.0,55500.0,55800.0,9802105
2025-05-20,56200.0,56700.0,55700.0,55900.0,9080577
2025-05-21,56200.0,56600.0,55700.0,55700.0,7794181
2025-05-22,55300.0,55500.0,54500.0,54700.0,15254278
